rank,person_name,rankings_school,score_blended_50_50,score_papers_norm,score_citations_norm,paper_count_frac_authors,citation_frac_authors_openalex,unique_om_or_papers
1,David Simchi-Levi,MIT,0.831235,1.000000,0.662470,19.7667,276.2500,40
2,Yiangos Papanastasiou,UC Berkeley (Haas),0.607959,0.215918,1.000000,4.3333,417.0000,8
3,Jiri Chod,Boston College (Carroll),0.527556,0.090604,0.964508,1.8667,402.2000,4
4,Ming Hu,Toronto (Rotman),0.414296,0.211686,0.616906,4.2500,257.2500,11
5,John R. Birge,Chicago (Booth),0.409433,0.059273,0.759592,1.2500,316.7500,3
6,Serguei Netessine,Wharton (UPenn),0.407097,0.165114,0.649081,3.3333,270.6667,9
7,Jun Li,Michigan (Ross),0.405707,0.143949,0.667466,2.9167,278.3333,8
8,Christopher S. Tang,UCLA (Anderson),0.390877,0.088907,0.692846,1.8333,288.9167,5
9,Kostas Bimpikis,Stanford,0.386940,0.148181,0.625700,3.0000,260.9167,9
10,Panos Kouvelis,WashU (Olin),0.386900,0.093144,0.680655,1.9167,283.8333,5
11,Soo-Haeng Cho,Carnegie Mellon (Tepper),0.385241,0.148181,0.622302,3.0000,259.5000,8
12,Gerry Tsoukalas,Wharton (UPenn),0.379237,0.082135,0.676339,1.7000,282.0333,5
13,Siva Viswanathan,Maryland (Smith),0.375693,0.021170,0.730216,0.5000,304.5000,1
14,Hau L. Lee,Stanford,0.373168,0.038103,0.708233,0.8333,295.3333,2
15,Georgia Perakis,MIT,0.341929,0.132939,0.550919,2.7000,229.7333,9
16,Nikolaos Trichakis,MIT,0.308916,0.132939,0.484892,2.7000,202.2000,9
17,Ruomeng Cui,Emory (Goizueta),0.298739,0.063505,0.533973,1.3333,222.6667,4
18,Santiago Gallino,Dartmouth (Tuck),0.289984,0.071974,0.507994,1.5000,211.8333,4
19,Fei Gao,Indiana (Kelley),0.289223,0.080443,0.498002,1.6667,207.6667,4
20,Robert Swinney,Duke (Fuqua),0.275484,0.046572,0.504396,1.0000,210.3333,3
21,Dennis J. Zhang,WashU (Olin),0.271666,0.058064,0.485269,1.2262,202.3571,5
22,Dimitris Bertsimas,MIT,0.255705,0.093144,0.418265,1.9167,174.4167,5
23,Juan Camilo Serpa,McGill (Desautels),0.255290,0.135480,0.375100,2.7500,156.4167,7
24,Achal Bassamboo,Northwestern (Kellogg),0.246952,0.148181,0.345724,3.0000,144.1667,8
25,Hyoduk Shin,UC San Diego (Rady),0.246213,0.093144,0.399281,1.9167,166.5000,5
26,John Gunnar Carlsson,USC (Marshall),0.244398,0.021170,0.467626,0.5000,195.0000,1
26,Siyuan Song,USC (Marshall),0.244398,0.021170,0.467626,0.5000,195.0000,1
28,Christian Terwiesch,Wharton (UPenn),0.239096,0.060965,0.417226,1.2833,173.9833,4
29,Alan Scheller-Wolf,Carnegie Mellon (Tepper),0.237071,0.059273,0.414868,1.2500,173.0000,4
30,Joel Goh,Harvard,0.232157,0.055041,0.409273,1.1667,170.6667,3
31,Bradley R. Staats,UNC (Kenan-Flagler),0.231260,0.101608,0.360911,2.0833,150.5000,6
32,Ilan Lobel,NYU (Stern),0.230598,0.110078,0.351119,2.2500,146.4167,5
33,Vishal V. Agrawal,UW (Foster),0.229594,0.063505,0.395683,1.3333,165.0000,3
34,Zuo-Jun Max Shen,UC Berkeley (Haas),0.221924,0.062296,0.381552,1.3095,159.1071,5
35,Hamed Mamani,UW (Foster),0.218055,0.056733,0.379376,1.2000,158.2000,4
36,Maxime C. Cohen,MIT,0.216582,0.012701,0.420464,0.3333,175.3333,1
36,Ruben Lobel,Wharton (UPenn),0.216582,0.012701,0.420464,0.3333,175.3333,1
38,Paat Rusmevichientong,USC (Marshall),0.210166,0.099068,0.321263,2.0333,133.9667,6
39,Di (Andrew) Wu,Michigan (Ross),0.202483,0.101608,0.303357,2.0833,126.5000,4
40,Srikanth Jagabathula,NYU (Stern),0.196097,0.080443,0.311751,1.6667,130.0000,4
41,Retsef Levi,MIT,0.192828,0.127920,0.257737,2.6012,107.4762,9
42,Xuanming Su,Wharton (UPenn),0.189826,0.063505,0.316147,1.3333,131.8333,3
43,Dan A. Iancu,Stanford,0.183514,0.059273,0.307754,1.2500,128.3333,4
44,Özalp Özer,UT Dallas,0.183454,0.114310,0.252598,2.3333,105.3333,6
45,Robert J. Batt,Wisconsin-Madison,0.182432,0.063505,0.301359,1.3333,125.6667,3
46,Maxime C. Cohen,McGill (Desautels),0.180745,0.088907,0.272582,1.8333,113.6667,6
47,N. Bora Keskin,Duke (Fuqua),0.176586,0.097376,0.255795,2.0000,106.6667,5
48,Vishal Gaur,Cornell,0.176430,0.084675,0.268185,1.7500,111.8333,5
49,Harish Krishnan,UBC (Sauder),0.176348,0.088907,0.263789,1.8333,110.0000,4
50,Tom Fangyun Tan,SMU (Cox),0.174039,0.063505,0.284572,1.3333,118.6667,3
51,Tunay I. Tunca,Maryland (Smith),0.173655,0.021170,0.326139,0.5000,136.0000,1
52,Vivek F. Farias,MIT,0.169652,0.099495,0.239808,2.0417,100.0000,6
53,Hessam Bavafa,Wisconsin-Madison,0.166285,0.090604,0.241966,1.8667,100.9000,5
54,Hamsa Bastani,Wharton (UPenn),0.166254,0.156650,0.175859,3.1667,73.3333,7
55,Andrew M. Davis,Cornell,0.163917,0.124897,0.202938,2.5417,84.6250,7
56,Suvrat Dhanorkar,Penn State (Smeal),0.163247,0.063505,0.262990,1.3333,109.6667,2
57,Jeffrey Pfeffer,Stanford,0.162625,0.012701,0.312550,0.3333,130.3333,1
57,Stefanos A. Zenios,Stanford,0.162625,0.012701,0.312550,0.3333,130.3333,1
59,Vishal Gupta,USC (Marshall),0.157930,0.127011,0.188849,2.5833,78.7500,5
60,Jing-Sheng Song,Duke (Fuqua),0.156329,0.080443,0.232214,1.6667,96.8333,4
61,Santiago R. Balseiro,Columbia,0.155729,0.080443,0.231015,1.6667,96.3333,4
62,L. Beril Toktay,Georgia Tech (Scheller),0.153193,0.071974,0.234412,1.5000,97.7500,5
63,Ryan Webb,Toronto (Rotman),0.152783,0.046572,0.258993,1.0000,108.0000,1
64,Jordan Tong,Wisconsin-Madison,0.152732,0.080443,0.225020,1.6667,93.8333,4
65,Gérard P. Cachon,Wharton (UPenn),0.152567,0.088907,0.216227,1.8333,90.1667,3
66,Omar Besbes,Columbia,0.152367,0.088907,0.215827,1.8333,90.0000,5
67,Mor Armony,NYU (Stern),0.149823,0.055041,0.244604,1.1667,102.0000,3
68,Adam N. Elmachtoub,Columbia,0.149536,0.127011,0.172062,2.5833,71.7500,7
69,Xiuli Chao,Michigan (Ross),0.147736,0.080443,0.215028,1.6667,89.6667,5
70,Mark Weber,MIT,0.145890,0.005929,0.285851,0.2000,119.2000,1
71,Stephen Leider,Michigan (Ross),0.143613,0.088486,0.198741,1.8250,82.8750,6
72,Nur Sunar,UNC (Kenan-Flagler),0.143463,0.063505,0.223421,1.3333,93.1667,3
73,Nathan Kallus,Cornell,0.142886,0.114310,0.171463,2.3333,71.5000,5
74,Zhuoxin Li,Boston College (Carroll),0.142353,0.038103,0.246603,0.8333,102.8333,2
75,Ioannis Bellos,Virginia (Darden),0.140681,0.021170,0.260192,0.5000,108.5000,1
76,Florenta Teodoridis,USC (Marshall),0.139593,0.046572,0.232614,1.0000,97.0000,1
76,Roman Kapuscinski,Michigan (Ross),0.139593,0.046572,0.232614,1.0000,97.0000,3
78,Eugen Dimant,Wharton (UPenn),0.138394,0.046572,0.230216,1.0000,96.0000,1
79,Jillian A. Berry Jaeker,Boston U (Questrom),0.137683,0.021170,0.254197,0.5000,106.0000,1
80,Pnina Feldman,Boston U (Questrom),0.137033,0.055041,0.219025,1.1667,91.3333,3
81,Carri W. Chan,Columbia,0.131477,0.073666,0.189288,1.5333,78.9333,5
82,Daniela Saban,Stanford,0.131404,0.093144,0.169664,1.9167,70.7500,5
83,Shiliang Cui,UW (Foster),0.131273,0.063505,0.199041,1.3333,83.0000,4
84,Hummy Song,Wharton (UPenn),0.129508,0.052501,0.206515,1.1167,86.1167,4
85,Jason Chan,Minnesota (Carlson),0.127547,0.033871,0.221223,0.7500,92.2500,2
86,Leela Nageswaran,UW (Foster),0.127276,0.063505,0.191047,1.3333,79.6667,4
87,Izak Duenyas,Michigan (Ross),0.126837,0.090604,0.163070,1.8667,68.0000,6
88,Kyle Hyndman,UT Dallas,0.125399,0.091026,0.159772,1.8750,66.6250,5
89,Erica L. Plambeck,Stanford,0.124605,0.046572,0.202638,1.0000,84.5000,2
90,Enno Siemsen,Wisconsin-Madison,0.123080,0.063505,0.182654,1.3333,76.1667,3
91,Gustaf Bellstam,UW (Foster),0.122657,0.012701,0.232614,0.3333,97.0000,1
91,J. Anthony Cookson,Colorado (Leeds),0.122657,0.012701,0.232614,0.3333,97.0000,1
91,Sanjai Bhagat,Colorado (Leeds),0.122657,0.012701,0.232614,0.3333,97.0000,1
94,Jan A. Van Mieghem,Northwestern (Kellogg),0.122245,0.055041,0.189448,1.1667,79.0000,4
95,Ruixue Guo,Stanford,0.120659,0.012701,0.228617,0.3333,95.3333,1
96,Boxiao Chen,UIUC (Gies),0.120657,0.080443,0.160871,1.6667,67.0833,5
97,Nikolay Osadchiy,Emory (Goizueta),0.119936,0.029639,0.210232,0.6667,87.6667,2
98,Greys Sošić,USC (Marshall),0.117329,0.073666,0.160991,1.5333,67.1333,3
99,John J. Horton,NYU (Stern),0.116811,0.046572,0.187050,1.0000,78.0000,1
100,He Wang,Georgia Tech (Scheller),0.116649,0.055041,0.178257,1.1667,74.3333,3
101,Peng Shi,USC (Marshall),0.115346,0.122779,0.107914,2.5000,45.0000,3
102,Karan Girotra,Cornell,0.114740,0.029639,0.199840,0.6667,83.3333,2
103,Laurens Debo,Dartmouth (Tuck),0.114524,0.071974,0.157074,1.5000,65.5000,4
104,Yao Cui,Cornell,0.114014,0.046572,0.181455,1.0000,75.6667,3
105,Noureddine El Karoui,UC Berkeley (Haas),0.112666,0.012701,0.212630,0.3333,88.6667,1
106,Basak Kalkanci,Georgia Tech (Scheller),0.112015,0.046572,0.177458,1.0000,74.0000,2
107,Ryan W. Buell,Harvard,0.111000,0.088907,0.133094,1.8333,55.5000,3
108,Yonatan Gur,Stanford,0.110854,0.055041,0.166667,1.1667,69.5000,3
109,Christos Zacharias,Florida (Warrington),0.110217,0.046572,0.173861,1.0000,72.5000,2
110,Atalay Atasu,Georgia Tech (Scheller),0.109879,0.038103,0.181655,0.8333,75.7500,3
111,Tony Haitao Cui,Minnesota (Carlson),0.109579,0.038103,0.181055,0.8333,75.5000,2
112,Yong-Pin Zhou,UW (Foster),0.108456,0.055041,0.161871,1.1667,67.5000,3
113,Jing Dong,Columbia,0.107586,0.084675,0.130496,1.7500,54.4167,5
114,Marios Kokkodis,NYU (Stern),0.105909,0.021170,0.190647,0.5000,79.5000,1
114,Panagiotis G. Ipeirotis,NYU (Stern),0.105909,0.021170,0.190647,0.5000,79.5000,1
116,Foad Iravani,UW (Foster),0.105471,0.012701,0.198241,0.3333,82.6667,1
116,Saed Alizamir,Yale,0.105471,0.012701,0.198241,0.3333,82.6667,1
118,Shima Nassiri,UW (Foster),0.105147,0.029639,0.180655,0.6667,75.3333,2
119,Ken Moon,Wharton (UPenn),0.104057,0.068586,0.139528,1.4333,58.1833,6
120,Nan Liu,Boston College (Carroll),0.103549,0.052501,0.154596,1.1167,64.4667,4
121,Hamid Nazerzadeh,USC (Marshall),0.103096,0.063505,0.142686,1.3333,59.5000,3
122,Lorin M. Hitt,Wharton (UPenn),0.102673,0.012701,0.192646,0.3333,80.3333,1
123,Song-Hee Kim,USC (Marshall),0.102079,0.059273,0.144884,1.2500,60.4167,4
124,Ian Larkin,UCLA (Anderson),0.101985,0.038103,0.165867,0.8333,69.1667,2
125,Yash Kanoria,Columbia,0.101452,0.076206,0.126699,1.5833,52.8333,4
126,Lingxiu Dong,WashU (Olin),0.101113,0.021170,0.181055,0.5000,75.5000,2
127,Elena Katok,UT Dallas,0.100801,0.105419,0.096183,2.1583,40.1083,7
128,Anita L. Tucker,Boston U (Questrom),0.099783,0.018630,0.180935,0.4500,75.4500,2
129,Ozan Candogan,Chicago (Booth),0.099647,0.097376,0.101918,2.0000,42.5000,5
130,David B. Brown,Duke (Fuqua),0.099498,0.063505,0.135492,1.3333,56.5000,3
131,Assaf Zeevi,Columbia,0.099463,0.055041,0.143885,1.1667,60.0000,3
132,Ashish Kabra,Maryland (Smith),0.098752,0.029639,0.167866,0.6667,70.0000,2
133,Will Ma,Columbia,0.098304,0.110078,0.086531,2.2500,36.0833,5
134,Gilvan C. Souza,Indiana (Kelley),0.098115,0.021170,0.175060,0.5000,73.0000,1
135,Daniel Feiler,Dartmouth (Tuck),0.097500,0.063505,0.131495,1.3333,54.8333,3
136,Antonio Moreno,Northwestern (Kellogg),0.097478,0.012701,0.182254,0.3333,76.0000,1
136,Ioannis Stamatopoulos,Northwestern (Kellogg),0.097478,0.012701,0.182254,0.3333,76.0000,1
138,Shayan Ehsani,Stanford,0.096754,0.029639,0.163869,0.6667,68.3333,2
139,William Schmidt,Cornell,0.096701,0.063505,0.129896,1.3333,54.1667,3
140,Sheng Liu,Toronto (Rotman),0.096678,0.012701,0.180655,0.3333,75.3333,1
141,Jiawei Zhang,NYU (Stern),0.096366,0.055041,0.137690,1.1667,57.4167,4
142,Yanchong Zheng,MIT,0.094867,0.055041,0.134692,1.1667,56.1667,3
143,J. George Shanthikumar,Purdue (Daniels),0.094751,0.083827,0.105676,1.7333,44.0667,6
144,Arash Asadpour,NYU (Stern),0.092449,0.050804,0.134093,1.0833,55.9167,3
145,Laurens Debo,Chicago (Booth),0.091482,0.012701,0.170264,0.3333,71.0000,1
146,Huseyin Topaloglu,Cornell,0.091238,0.048264,0.134213,1.0333,55.9667,4
147,Manel Baucells,Virginia (Darden),0.091143,0.071974,0.110312,1.5000,46.0000,3
148,Timothy C. Y. Chan,Toronto (Rotman),0.090956,0.074997,0.106914,1.5595,44.5833,5
149,Karen Donohue,Minnesota (Carlson),0.090759,0.029639,0.151878,0.6667,63.3333,2
150,Tinglong Dai,Johns Hopkins (Carey),0.088856,0.097376,0.080336,2.0000,33.5000,5
151,Qi Feng,Purdue (Daniels),0.088712,0.073666,0.103757,1.5333,43.2667,5
152,Guillaume Roels,UCLA (Anderson),0.087797,0.038103,0.137490,0.8333,57.3333,2
153,Chris Parker,UW (Foster),0.086125,0.021170,0.151079,0.5000,63.0000,1
153,Jorge Mejia,Indiana (Kelley),0.086125,0.021170,0.151079,0.5000,63.0000,1
155,Robert L. Bray,Northwestern (Kellogg),0.086109,0.063505,0.108713,1.3333,45.3333,2
156,Yue Zhang,Penn State (Smeal),0.085037,0.046572,0.123501,1.0000,51.5000,2
157,Yining Wang,Florida (Warrington),0.084420,0.042340,0.126499,0.9167,52.7500,3
158,James Siderius,MIT,0.083423,0.088907,0.077938,1.8333,32.5000,4
158,Mohamed Mostagir,Michigan (Ross),0.083423,0.088907,0.077938,1.8333,32.5000,4
160,Jónas Oddur Jónasson,MIT,0.081850,0.071974,0.091727,1.5000,38.2500,4
161,Marshall Fisher,Wharton (UPenn),0.081490,0.012701,0.150280,0.3333,62.6667,1
162,Lamar Pierce,WashU (Olin),0.080291,0.012701,0.147882,0.3333,61.6667,1
163,Elena Belavina,Chicago (Booth),0.079892,0.012701,0.147082,0.3333,61.3333,1
164,Jingxing (Rowena) Gan,SMU (Cox),0.078693,0.012701,0.144684,0.3333,60.3333,1
165,Xiao Lei,Columbia,0.078349,0.025402,0.131295,0.5833,54.7500,2
166,Masha Shunko,UW (Foster),0.077960,0.050804,0.105116,1.0833,43.8333,3
167,Fernando Bernstein,Duke (Fuqua),0.077569,0.029639,0.125500,0.6667,52.3333,2
168,So Yeon Chun,UW (Foster),0.076917,0.063505,0.090328,1.3333,37.6667,3
169,Jessica A. Wachter,Wharton (UPenn),0.076532,0.021170,0.131894,0.5000,55.0000,1
170,William S. Lovejoy,Michigan (Ross),0.076206,0.038103,0.114309,0.8333,47.6667,2
171,Francisco Castro,UCLA (Anderson),0.075971,0.029639,0.122302,0.6667,51.0000,2
172,Mika Sumida,Cornell,0.075140,0.022862,0.127418,0.5333,53.1333,2
173,Hao Zhang,UBC (Sauder),0.074630,0.088907,0.060352,1.8333,25.1667,3
174,Katherine L. Milkman,Wharton (UPenn),0.074584,0.032662,0.116507,0.7262,48.5833,3
175,Agostino Capponi,Columbia,0.074121,0.082135,0.066107,1.7000,27.5667,5
176,Costis Maglaras,Columbia,0.073652,0.025402,0.121902,0.5833,50.8333,2
177,Milind Dawande,UT Dallas,0.073575,0.076206,0.070943,1.5833,29.5833,6
178,Brett Hemenway Falk,Wharton (UPenn),0.073535,0.021170,0.125899,0.5000,52.5000,1
179,Ambar La Forgia,UC Berkeley (Haas),0.073157,0.071974,0.074341,1.5000,31.0000,2
180,Nicholas C. Petruzzi,Penn State (Smeal),0.073097,0.012701,0.133493,0.3333,55.6667,1
181,Qiuping Yu,Georgia Tech (Scheller),0.072047,0.046572,0.097522,1.0000,40.6667,3
182,Rajan Udwani,UC Berkeley (Haas),0.071908,0.105846,0.037970,2.1667,15.8333,3
183,Fernanda Bravo,UCLA (Anderson),0.071792,0.033871,0.109712,0.7500,45.7500,2
184,Itai Ashlagi,Stanford,0.071286,0.055041,0.087530,1.1667,36.5000,3
185,Joline Uichanco,Michigan (Ross),0.071175,0.029639,0.112710,0.6667,47.0000,2
186,Yinghao Zhang,Maryland (Smith),0.071099,0.012701,0.129496,0.3333,54.0000,1
187,David A. Goldberg,Georgia Tech (Scheller),0.069938,0.021170,0.118705,0.5000,49.5000,1
187,Linwei Xin,UIUC (Gies),0.069938,0.021170,0.118705,0.5000,49.5000,1
189,Philipp Afèche,Toronto (Rotman),0.069338,0.021170,0.117506,0.5000,49.0000,1
190,Soroush Saghafian,Harvard,0.069178,0.066894,0.071463,1.4000,29.8000,3
191,Daria Dzyabura,NYU (Stern),0.068739,0.021170,0.116307,0.5000,48.5000,1
192,Leon Yang Chu,USC (Marshall),0.067977,0.029639,0.106315,0.6667,44.3333,2
193,Fei Gao,Wharton (UPenn),0.067539,0.021170,0.113909,0.5000,47.5000,1
194,Ali Jadbabaie,MIT,0.066614,0.038103,0.095124,0.8333,39.6667,2
194,Amir Ajorlou,MIT,0.066614,0.038103,0.095124,0.8333,39.6667,2
196,Kevin Shang,Duke (Fuqua),0.066096,0.056733,0.075460,1.2000,31.4667,4
197,Zeyu Zheng,UC Berkeley (Haas),0.065959,0.107537,0.024381,2.2000,10.1667,6
198,George Loewenstein,Carnegie Mellon (Tepper),0.065253,0.046572,0.083933,1.0000,35.0000,3
199,Huanan Zhang,Penn State (Smeal),0.064942,0.021170,0.108713,0.5000,45.3333,2
200,Michael R. Wagner,UW (Foster),0.064215,0.038103,0.090328,0.8333,37.6667,2
201,George P. Ball,Indiana (Kelley),0.063760,0.025402,0.102118,0.5833,42.5833,2
202,Pornpawee Bumpensanti,Georgia Tech (Scheller),0.063343,0.021170,0.105516,0.5000,44.0000,1
203,Nick Arnosti,Columbia,0.062854,0.046572,0.079137,1.0000,33.0000,2
204,Diwas S. KC,Emory (Goizueta),0.062761,0.025402,0.100120,0.5833,41.7500,2
204,Francesca Gino,Harvard,0.062761,0.025402,0.100120,0.5833,41.7500,2
206,Yaroslav Rosokha,Purdue (Daniels),0.062617,0.038103,0.087130,0.8333,36.3333,2
207,Guihua Wang,UT Dallas,0.062528,0.063505,0.061551,1.3333,25.6667,2
208,Morris A. Cohen,Wharton (UPenn),0.061982,0.029639,0.094324,0.6667,39.3333,2
208,Ruihao Zhu,Indiana (Kelley),0.061982,0.029639,0.094324,0.6667,39.3333,2
210,Susan Feng Lu,Purdue (Daniels),0.061729,0.063505,0.059952,1.3333,25.0000,3
211,Diwas Singh KC,Emory (Goizueta),0.061655,0.046572,0.076739,1.0000,32.0000,1
212,Peng Sun,Duke (Fuqua),0.060694,0.055041,0.066347,1.1667,27.6667,3
213,Serhan Ziya,UNC (Kenan-Flagler),0.060456,0.046572,0.074341,1.0000,31.0000,3
214,David Hofmann,UNC (Kenan-Flagler),0.059690,0.008469,0.110911,0.2500,46.2500,1
214,Hengchen Dai,WashU (Olin),0.059690,0.008469,0.110911,0.2500,46.2500,1
216,Ximin (Natalie) Huang,Minnesota (Carlson),0.059108,0.012701,0.105516,0.3333,44.0000,1
217,Ozge Sahin,Johns Hopkins (Carey),0.058784,0.029639,0.087930,0.6667,36.6667,2
218,Andrew E. Frazelle,UT Dallas,0.058709,0.012701,0.104716,0.3333,43.6667,1
219,Varun Gupta,Chicago (Booth),0.058458,0.046572,0.070344,1.0000,29.3333,3
220,Vahideh Manshadi,Yale,0.057708,0.080443,0.034972,1.6667,14.5833,5
221,Maria R. Ibanez,Northwestern (Kellogg),0.057348,0.021170,0.093525,0.5000,39.0000,1
221,Michael W. Toffel,Harvard,0.057348,0.021170,0.093525,0.5000,39.0000,1
223,Hau Lee,Stanford,0.057297,0.055041,0.059552,1.1667,24.8333,3
224,Xin Chen,UIUC (Gies),0.057265,0.025402,0.089129,0.5833,37.1667,2
225,Joseph Milner,Toronto (Rotman),0.057110,0.012701,0.101519,0.3333,42.3333,1
226,Stefanus Jasin,Michigan (Ross),0.056766,0.025402,0.088129,0.5833,36.7500,2
227,Christopher J. Chen,Indiana (Kelley),0.055987,0.029639,0.082334,0.6667,34.3333,2
228,Daniel Granot,UBC (Sauder),0.055955,0.022862,0.089049,0.5333,37.1333,2
228,Frieda Granot,UBC (Sauder),0.055955,0.022862,0.089049,0.5333,37.1333,2
230,Anindya Ghose,NYU (Stern),0.055911,0.012701,0.099121,0.3333,41.3333,1
230,Rachna Shah,Minnesota (Carlson),0.055911,0.012701,0.099121,0.3333,41.3333,1
230,Yuqian Xu,UIUC (Gies),0.055911,0.012701,0.099121,0.3333,41.3333,1
233,Itai Gurvich,Cornell,0.055822,0.038103,0.073541,0.8333,30.6667,2
234,Maria R. Ibanez,Harvard,0.055793,0.008469,0.103118,0.2500,43.0000,1
234,Robert S. Huckman,Harvard,0.055793,0.008469,0.103118,0.2500,43.0000,1
236,Velibor V. Mišić,UCLA (Anderson),0.055660,0.046572,0.064748,1.0000,27.0000,2
237,Mohsen Bayati,Stanford,0.055343,0.042340,0.068345,0.9167,28.5000,3
238,Bradley Sturt,UIUC (Gies),0.055334,0.063505,0.047162,1.3333,19.6667,2
239,Tian Heong Chan,Emory (Goizueta),0.055187,0.029639,0.080735,0.6667,33.6667,2
240,Saša Pekeč,Duke (Fuqua),0.055178,0.050804,0.059552,1.0833,24.8333,3
241,Yixin (Iris) Wang,UIUC (Gies),0.054952,0.035563,0.074341,0.7833,31.0000,3
242,Pengyi Shi,Purdue (Daniels),0.054836,0.022862,0.086811,0.5333,36.2000,2
243,Necati Tereyağoğlu,Georgia Tech (Scheller),0.054788,0.029639,0.079936,0.6667,33.3333,2
244,Li Chen,Cornell,0.054499,0.055041,0.053957,1.1667,22.5000,3
245,Vineet Goyal,Columbia,0.053711,0.023289,0.084133,0.5417,35.0833,3
246,Sezer Ülkü,UW (Foster),0.053589,0.029639,0.077538,0.6667,32.3333,2
247,Shouqiang Wang,UT Dallas,0.053518,0.059273,0.047762,1.2500,19.9167,4
248,Samantha M. Keppler,Michigan (Ross),0.053335,0.063505,0.043165,1.3333,18.0000,2
249,Subodha Kumar,Wharton (UPenn),0.052924,0.038103,0.067746,0.8333,28.2500,3
250,Ali Kakhbod,MIT,0.052713,0.012701,0.092726,0.3333,38.6667,1
251,James E. Smith,Dartmouth (Tuck),0.052551,0.021170,0.083933,0.5000,35.0000,1
252,Wenchang Zhang,Indiana (Kelley),0.052445,0.042340,0.062550,0.9167,26.0833,3
253,Hyun-Soo Ahn,Michigan (Ross),0.052389,0.029639,0.075140,0.6667,31.3333,2
254,Barış Ata,Chicago (Booth),0.051825,0.038103,0.065547,0.8333,27.3333,2
255,Asa B. Palley,Indiana (Kelley),0.051681,0.050804,0.052558,1.0833,21.9167,3
256,Itai Gurvich,Northwestern (Kellogg),0.051264,0.046572,0.055955,1.0000,23.3333,3
257,Marta Serra-Garcia,UC San Diego (Rady),0.050864,0.046572,0.055156,1.0000,23.0000,2
258,Abhishek Roy,Wharton (UPenn),0.050771,0.025402,0.076139,0.5833,31.7500,2
259,Jose A. Guajardo,UC Berkeley (Haas),0.050715,0.012701,0.088729,0.3333,37.0000,1
260,Itai Ashlagi,MIT,0.050153,0.021170,0.079137,0.5000,33.0000,1
260,James R. Luedtke,Wisconsin-Madison,0.050153,0.021170,0.079137,0.5000,33.0000,1
260,Merve Bodur,Toronto (Rotman),0.050153,0.021170,0.079137,0.5000,33.0000,1
260,Peng Shi,MIT,0.050153,0.021170,0.079137,0.5000,33.0000,1
264,Ravi Anupindi,Michigan (Ross),0.049871,0.025402,0.074341,0.5833,31.0000,2
265,Juan Pablo Vielma,MIT,0.049665,0.046572,0.052758,1.0000,22.0000,1
266,Gonzalo Romero,Toronto (Rotman),0.049592,0.029639,0.069544,0.6667,29.0000,2
267,Ali Makhdoumi,Duke (Fuqua),0.049547,0.042340,0.056755,0.9167,23.6667,3
268,Somya Singhvi,MIT,0.049516,0.012701,0.086331,0.3333,36.0000,1
269,Ali K. Parlaktürk,UNC (Kenan-Flagler),0.048954,0.021170,0.076739,0.5000,32.0000,1
269,Andrew A. Li,MIT,0.048954,0.021170,0.076739,0.5000,32.0000,1
269,Mustafa O. Kabul,UNC (Kenan-Flagler),0.048954,0.021170,0.076739,0.5000,32.0000,1
272,Shi Chen,UW (Foster),0.048828,0.038103,0.059552,0.8333,24.8333,2
273,Christopher Thomas Ryan,UBC (Sauder),0.048821,0.059273,0.038369,1.2500,16.0000,4
274,Silvia Saccardo,Carnegie Mellon (Tepper),0.048728,0.038103,0.059353,0.8333,24.7500,3
275,Özlem Ergun,Northeastern,0.048655,0.021170,0.076139,0.5000,31.7500,2
276,Ali Fattahi,Johns Hopkins (Carey),0.048615,0.080443,0.016787,1.6667,7.0000,3
277,Cong Shi,Penn State (Smeal),0.048317,0.012701,0.083933,0.3333,35.0000,1
278,P. B. (Seethu) Seetharaman,WashU (Olin),0.047629,0.038103,0.057154,0.8333,23.8333,2
279,Andre A. Cire,Toronto (Rotman),0.047267,0.046572,0.047962,1.0000,20.0000,2
280,Henry Lam,Columbia,0.047096,0.076206,0.017986,1.5833,7.5000,3
281,Jinglong Zhao,Boston U (Questrom),0.046505,0.055041,0.037970,1.1667,15.8333,3
282,David Rosenthal,Columbia,0.046501,0.008469,0.084532,0.2500,35.2500,1
282,Margaret E. Kruk,Harvard,0.046501,0.008469,0.084532,0.2500,35.2500,1
282,Nan Liu,Columbia,0.046501,0.008469,0.084532,0.2500,35.2500,1
285,Vish Krishnan,UC San Diego (Rady),0.046474,0.025402,0.067546,0.5833,28.1667,2
286,J. G. Dai,Cornell,0.046370,0.005929,0.086811,0.2000,36.2000,1
287,Jay Sethuraman,Columbia,0.045895,0.048264,0.043525,1.0333,18.1500,4
288,Negin Golrezaei,MIT,0.045826,0.073666,0.017986,1.5333,7.5000,4
289,Sridhar Tayur,Carnegie Mellon (Tepper),0.045475,0.025402,0.065547,0.5833,27.3333,2
290,Miguel A. Lejeune,UW (Foster),0.044869,0.046572,0.043165,1.0000,18.0000,2
291,Tallys Yunes,Florida (Warrington),0.044758,0.021170,0.068345,0.5000,28.5000,1
292,Ganesh Janakiraman,UT Dallas,0.044742,0.063505,0.025979,1.3333,10.8333,5
293,Derya Demirtas,Toronto (Rotman),0.044720,0.012701,0.076739,0.3333,32.0000,1
293,Roy H. Kwon,Toronto (Rotman),0.044720,0.012701,0.076739,0.3333,32.0000,1
293,Sajad Modaresi,UNC (Kenan-Flagler),0.044720,0.012701,0.076739,0.3333,32.0000,1
296,Selvaprabu Nadarajah,UIUC (Gies),0.044463,0.067742,0.021183,1.4167,8.8333,4
297,Xi Chen,NYU (Stern),0.043996,0.029639,0.058353,0.6667,24.3333,2
298,Bryan K. Bollinger,NYU (Stern),0.043559,0.021170,0.065947,0.5000,27.5000,1
298,Wesley R. Hartmann,Stanford,0.043559,0.021170,0.065947,0.5000,27.5000,1
300,Ann Melissa Campbell,Iowa (Tippie),0.043121,0.012701,0.073541,0.3333,30.6667,1
300,Barrett W. Thomas,Iowa (Tippie),0.043121,0.012701,0.073541,0.3333,30.6667,1
300,Sara Reed,Iowa (Tippie),0.043121,0.012701,0.073541,0.3333,30.6667,1
300,Upender Subramanian,UT Dallas,0.043121,0.012701,0.073541,0.3333,30.6667,1
300,Vivek Farias,MIT,0.043121,0.012701,0.073541,0.3333,30.6667,1
305,Kay Giesecke,Stanford,0.043004,0.031331,0.054676,0.7000,22.8000,2
306,Daniel Andrei,McGill (Desautels),0.042959,0.021170,0.064748,0.5000,27.0000,1
306,Michael Hasler,UT Dallas,0.042959,0.021170,0.064748,0.5000,27.0000,1
306,Ramandeep Singh Randhawa,USC (Marshall),0.042959,0.021170,0.064748,0.5000,27.0000,1
306,Ruomeng Cui,Indiana (Kelley),0.042959,0.021170,0.064748,0.5000,27.0000,1
310,Karthik Ramachandran,Georgia Tech (Scheller),0.042833,0.038103,0.047562,0.8333,19.8333,2
311,Mila Nambiar,MIT,0.042721,0.012701,0.072742,0.3333,30.3333,1
311,Ruth Beer,Indiana (Kelley),0.042721,0.012701,0.072742,0.3333,30.3333,1
313,Garud Iyengar,Columbia,0.042524,0.031331,0.053717,0.7000,22.4000,3
314,Li Wang,MIT,0.042522,0.039800,0.045244,0.8667,18.8667,3
315,Anastassia Fedyk,UC Berkeley (Haas),0.042471,0.046572,0.038369,1.0000,16.0000,1
316,Mingliu Chen,UT Dallas,0.042433,0.038103,0.046763,0.8333,19.5000,2
317,Simone Marinesi,Wharton (UPenn),0.042398,0.029639,0.055156,0.6667,23.0000,2
318,Qi (George) Chen,Michigan (Ross),0.042322,0.012701,0.071942,0.3333,30.0000,1
319,Gustavo Vulcano,NYU (Stern),0.042304,0.008469,0.076139,0.2500,31.7500,1
320,Ruihao Zhu,Cornell,0.042298,0.052501,0.032094,1.1167,13.3833,4
321,Yuexing Li,Duke (Fuqua),0.041922,0.012701,0.071143,0.3333,29.6667,1
322,Jayashankar M. Swaminathan,UNC (Kenan-Flagler),0.041760,0.021170,0.062350,0.5000,26.0000,1
323,Michael Jong Kim,Toronto (Rotman),0.041161,0.021170,0.061151,0.5000,25.5000,1
324,Damian R. Beil,Michigan (Ross),0.040799,0.029639,0.051959,0.6667,21.6667,2
325,Haim Mendelson,Stanford,0.040723,0.012701,0.068745,0.3333,28.6667,1
326,Azarakhsh Malekian,Toronto (Rotman),0.040679,0.025402,0.055955,0.5833,23.3333,2
327,Michael L. Hamilton,Wharton (UPenn),0.040090,0.050804,0.029376,1.0833,12.2500,3
328,Aaron L. Bodoh-Creed,UC Berkeley (Haas),0.040073,0.046572,0.033573,1.0000,14.0000,1
329,Rad Niazadeh,Chicago (Booth),0.039995,0.065202,0.014788,1.3667,6.1667,4
330,Alvin E. Roth,Stanford,0.039962,0.021170,0.058753,0.5000,24.5000,1
330,Nora Szech,UNC (Kenan-Flagler),0.039962,0.021170,0.058753,0.5000,24.5000,1
332,Steven M. Shechter,UBC (Sauder),0.039584,0.071974,0.007194,1.5000,3.0000,2
333,Anton Skaro,Northwestern (Kellogg),0.039124,0.012701,0.065547,0.3333,27.3333,1
333,Uday S. Karmarkar,UCLA (Anderson),0.039124,0.012701,0.065547,0.3333,27.3333,1
335,Zhaohui (Zoey) Jiang,Carnegie Mellon (Tepper),0.039085,0.039800,0.038369,0.8667,16.0000,3
336,Robert A. Shumsky,Dartmouth (Tuck),0.038800,0.029639,0.047962,0.6667,20.0000,2
337,Alireza Tahbaz-Salehi,Northwestern (Kellogg),0.038725,0.012701,0.064748,0.3333,27.0000,1
338,Hailong Cui,USC (Marshall),0.038696,0.005929,0.071463,0.2000,29.8000,1
338,Sanjith Gopalakrishnan,UBC (Sauder),0.038696,0.005929,0.071463,0.2000,29.8000,1
340,Zhengyuan Zhou,NYU (Stern),0.038574,0.046572,0.030576,1.0000,12.7500,3
341,Vijay Mookerjee,UT Dallas,0.038463,0.021170,0.055755,0.5000,23.2500,2
342,Aravind Chandrasekaran,Ohio State (Fisher),0.038216,0.005929,0.070504,0.2000,29.4000,1
342,Peter T. Ward,Ohio State (Fisher),0.038216,0.005929,0.070504,0.2000,29.4000,1
342,Susan D. Moffatt-Bruce,Ohio State (Fisher),0.038216,0.005929,0.070504,0.2000,29.4000,1
345,Yi-Chun Chen,UCLA (Anderson),0.038163,0.021170,0.055156,0.5000,23.0000,1
346,Fangruo Chen,Columbia,0.037925,0.012701,0.063149,0.3333,26.3333,1
346,Wenqiang Xiao,NYU (Stern),0.037925,0.012701,0.063149,0.3333,26.3333,1
348,Süleyman Demirel,Michigan (Ross),0.037526,0.012701,0.062350,0.3333,26.0000,1
349,Saravanan Kesavan,UNC (Kenan-Flagler),0.037457,0.042340,0.032574,0.9167,13.5833,3
350,Maxime C. Cohen,NYU (Stern),0.037373,0.018630,0.056115,0.4500,23.4000,2
351,Justin Sirignano,UIUC (Gies),0.036964,0.021170,0.052758,0.5000,22.0000,1
351,Vibhuti Dhingra,UBC (Sauder),0.036964,0.021170,0.052758,0.5000,22.0000,1
353,Anyan Qi,UT Dallas,0.036105,0.044032,0.028177,0.9500,11.7500,3
354,Phebe Vayanos,USC (Marshall),0.036003,0.029639,0.042366,0.6667,17.6667,2
355,Michael K. Lim,UIUC (Gies),0.035927,0.012701,0.059153,0.3333,24.6667,1
356,Anton Ovchinnikov,MIT,0.035765,0.021170,0.050360,0.5000,21.0000,1
356,Michael Ketzenberg,Texas A&M (Mays),0.035765,0.021170,0.050360,0.5000,21.0000,1
356,Silvia Bellezza,Columbia,0.035765,0.021170,0.050360,0.5000,21.0000,1
356,Xin Wang,Carnegie Mellon (Tepper),0.035765,0.021170,0.050360,0.5000,21.0000,1
360,Ningyuan Chen,Toronto (Rotman),0.035658,0.042340,0.028977,0.9167,12.0833,3
361,Alexandre Jacquillat,MIT,0.035339,0.038103,0.032574,0.8333,13.5833,3
362,Alok Gupta,Minnesota (Carlson),0.035183,0.025402,0.044964,0.5833,18.7500,2
363,Nan Yang,Florida (Warrington),0.035128,0.012701,0.057554,0.3333,24.0000,1
363,Peter S. Fader,Wharton (UPenn),0.035128,0.012701,0.057554,0.3333,24.0000,1
363,Senthil Veeraraghavan,Wharton (UPenn),0.035128,0.012701,0.057554,0.3333,24.0000,1
366,Vinayak Deshpande,UNC (Kenan-Flagler),0.034683,0.025402,0.043965,0.5833,18.3333,2
367,Feng Tian,Michigan (Ross),0.034566,0.021170,0.047962,0.5000,20.0000,1
368,Hengchen Dai,UCLA (Anderson),0.034551,0.011492,0.057611,0.3095,24.0238,2
369,Chun Ye,UW (Foster),0.034510,0.008469,0.060552,0.2500,25.2500,1
370,Diana M. Negoescu,Minnesota (Carlson),0.034211,0.008469,0.059952,0.2500,25.0000,1
370,Margaret L. Brandeau,Stanford,0.034211,0.008469,0.059952,0.2500,25.0000,1
370,Nicola Secomandi,Carnegie Mellon (Tepper),0.034211,0.008469,0.059952,0.2500,25.0000,1
370,Stephen Smith,Carnegie Mellon (Tepper),0.034211,0.008469,0.059952,0.2500,25.0000,1
374,Nick Arnosti,Minnesota (Carlson),0.034077,0.046572,0.021583,1.0000,9.0000,1
375,Bin Hu,UT Dallas,0.034022,0.033871,0.034173,0.7500,14.2500,2
376,Chloe Kim Glaeser,UNC (Kenan-Flagler),0.034004,0.029639,0.038369,0.6667,16.0000,2
377,Allison O’Hair,Stanford,0.033911,0.008469,0.059353,0.2500,24.7500,1
377,John Silberholz,MIT,0.033911,0.008469,0.059353,0.2500,24.7500,1
377,Stephen Relyea,MIT,0.033911,0.008469,0.059353,0.2500,24.7500,1
380,Cong Shi,Michigan (Ross),0.033766,0.021170,0.046363,0.5000,19.3333,2
381,Huanan Zhang,Colorado (Leeds),0.033584,0.025402,0.041767,0.5833,17.4167,2
382,Nikolaos Trichakis,Harvard,0.033529,0.012701,0.054357,0.3333,22.6667,1
382,Özlem Yıldız,Virginia (Darden),0.033529,0.012701,0.054357,0.3333,22.6667,1
384,Hans B. Christensen,Chicago (Booth),0.033129,0.012701,0.053557,0.3333,22.3333,1
384,Mark Maffett,Chicago (Booth),0.033129,0.012701,0.053557,0.3333,22.3333,1
386,Stephen C. Graves,MIT,0.032878,0.046572,0.019185,1.0000,8.0000,1
387,Edieal Pinker,Yale,0.032767,0.021170,0.044365,0.5000,18.5000,1
387,Mariya Bondareva,Chicago (Booth),0.032767,0.021170,0.044365,0.5000,18.5000,1
389,Levi DeValve,Chicago (Booth),0.032641,0.038103,0.027178,0.8333,11.3333,2
390,Douglas R. Bish,Virginia Tech (Pamplin),0.032330,0.012701,0.051959,0.3333,21.6667,1
390,Ebru K. Bish,Virginia Tech (Pamplin),0.032330,0.012701,0.051959,0.3333,21.6667,1
390,Hrayer Aprahamian,Texas A&M (Mays),0.032330,0.012701,0.051959,0.3333,21.6667,1
390,Maqbool Dada,Johns Hopkins (Carey),0.032330,0.012701,0.051959,0.3333,21.6667,1
390,Ruxian Wang,Johns Hopkins (Carey),0.032330,0.012701,0.051959,0.3333,21.6667,1
395,Blair Flicker,Columbia,0.032307,0.052923,0.011691,1.1250,4.8750,2
396,Felipe Caro,UCLA (Anderson),0.031930,0.012701,0.051159,0.3333,21.3333,1
397,Eric D. Shah,Michigan (Ross),0.031679,0.046572,0.016787,1.0000,7.0000,1
397,Yucheng Liang,Carnegie Mellon (Tepper),0.031679,0.046572,0.016787,1.0000,7.0000,1
399,Alejandro Rivera,UT Dallas,0.031642,0.038103,0.025180,0.8333,10.5000,2
400,Andras Molnar,Chicago (Booth),0.031513,0.008469,0.054556,0.2500,22.7500,1
400,Russell Golman,Carnegie Mellon (Tepper),0.031513,0.008469,0.054556,0.2500,22.7500,1
402,Xiaoyang Long,Wisconsin-Madison,0.031358,0.019052,0.043665,0.4583,18.2083,2
403,Luyi Yang,UC Berkeley (Haas),0.031242,0.038103,0.024381,0.8333,10.1667,2
404,Auyon Siddiq,UCLA (Anderson),0.031042,0.038103,0.023981,0.8333,10.0000,2
404,Nur Kaynar,Cornell,0.031042,0.038103,0.023981,0.8333,10.0000,2
406,Garrett van Ryzin,Cornell,0.030969,0.021170,0.040767,0.5000,17.0000,1
406,Zhen Lian,Cornell,0.030969,0.021170,0.040767,0.5000,17.0000,1
408,Gad Allon,Wharton (UPenn),0.030769,0.021170,0.040368,0.5000,16.8333,2
409,Charles J. Corbett,UCLA (Anderson),0.030642,0.038103,0.023182,0.8333,9.6667,2
410,Jonathan Glover,Columbia,0.030369,0.021170,0.039568,0.5000,16.5000,1
410,Koray Cosguner,Indiana (Kelley),0.030369,0.021170,0.039568,0.5000,16.5000,1
410,Paul Grigas,UC Berkeley (Haas),0.030369,0.021170,0.039568,0.5000,16.5000,1
413,Luyi Yang,Chicago (Booth),0.030331,0.012701,0.047962,0.3333,20.0000,1
414,Neda Mirzaeian,Carnegie Mellon (Tepper),0.029932,0.012701,0.047162,0.3333,19.6667,1
415,Angela Zhou,Cornell,0.029770,0.021170,0.038369,0.5000,16.0000,1
416,Opher Baron,Toronto (Rotman),0.029608,0.029639,0.029576,0.6667,12.3333,2
417,Evan Munro,Stanford,0.029281,0.046572,0.011990,1.0000,5.0000,1
418,Thomas Magnanti,MIT,0.029208,0.029639,0.028777,0.6667,12.0000,2
419,Wedad J. Elmaghraby,Maryland (Smith),0.029188,0.025402,0.032974,0.5833,13.7500,2
420,Lauren Xiaoyuan Lu,UNC (Kenan-Flagler),0.029170,0.021170,0.037170,0.5000,15.5000,1
420,Şafak Yücel,UW (Foster),0.029170,0.021170,0.037170,0.5000,15.5000,1
422,Chen Chen,Chicago (Booth),0.029132,0.012701,0.045564,0.3333,19.0000,1
422,Nilay Tanık Argon,UNC (Kenan-Flagler),0.029132,0.012701,0.045564,0.3333,19.0000,1
424,Chaithanya Bandi,Northwestern (Kellogg),0.028808,0.029639,0.027978,0.6667,11.6667,2
424,Douglas J. Thomas,Virginia (Darden),0.028808,0.029639,0.027978,0.6667,11.6667,2
426,Ebrahim Barzegary,UW (Foster),0.028733,0.012701,0.044764,0.3333,18.6667,1
426,Hema Yoganarasimhan,UW (Foster),0.028733,0.012701,0.044764,0.3333,18.6667,1
426,Kevin W. Linderman,Minnesota (Carlson),0.028733,0.012701,0.044764,0.3333,18.6667,1
426,Suvrat S. Dhanorkar,Penn State (Smeal),0.028733,0.012701,0.044764,0.3333,18.6667,1
430,Stefan Wager,Stanford,0.028682,0.046572,0.010791,1.0000,4.5000,2
431,Seyed Morteza Emadi,UNC (Kenan-Flagler),0.028644,0.038103,0.019185,0.8333,8.0000,2
432,Masoud Kamalahmadi,Florida (Warrington),0.028611,0.019052,0.038170,0.4583,15.9167,2
433,Xuying Zhao,Texas A&M (Mays),0.028409,0.029639,0.027178,0.6667,11.3333,2
434,John Yao,Columbia,0.028333,0.012701,0.043965,0.3333,18.3333,1
435,Panos Markou,Virginia (Darden),0.028089,0.025402,0.030775,0.5833,12.8333,2
436,Henry Lam,Michigan (Ross),0.028082,0.046572,0.009592,1.0000,4.0000,1
436,Prasanna B. Tambe,Wharton (UPenn),0.028082,0.046572,0.009592,1.0000,4.0000,1
438,Mehmet Sekip Altug,Virginia (Darden),0.027933,0.012701,0.043165,0.3333,18.0000,1
439,Maryam Kouchaki,Northwestern (Kellogg),0.027916,0.008469,0.047362,0.2500,19.7500,1
440,Martin A. Lariviere,Northwestern (Kellogg),0.027534,0.012701,0.042366,0.3333,17.6667,1
441,Laurens G. Debo,Dartmouth (Tuck),0.027445,0.038103,0.016787,0.8333,7.0000,2
442,Andrew F. Siegel,UW (Foster),0.027372,0.021170,0.033573,0.5000,14.0000,1
442,Kris Johnson Ferreira,Harvard,0.027372,0.021170,0.033573,0.5000,14.0000,1
444,Tingliang Huang,Boston College (Carroll),0.027134,0.012701,0.041567,0.3333,17.3333,1
445,Suresh Muthulingam,Penn State (Smeal),0.027045,0.038103,0.015987,0.8333,6.6667,2
446,Ravi Bapna,Minnesota (Carlson),0.027001,0.018630,0.035372,0.4500,14.7500,2
447,Daniel Russo,Columbia,0.026883,0.046572,0.007194,1.0000,3.0000,1
447,Thomas L. Magnanti,MIT,0.026883,0.046572,0.007194,1.0000,3.0000,1
449,Andres F. Jola-Sanchez,Texas A&M (Mays),0.026772,0.021170,0.032374,0.5000,13.5000,1
450,Amitabh Sinha,UW (Foster),0.026734,0.012701,0.040767,0.3333,17.0000,1
450,Konstantinos I. Stouras,SMU (Cox),0.026734,0.012701,0.040767,0.3333,17.0000,1
450,Raul O. Chao,Virginia (Darden),0.026734,0.012701,0.040767,0.3333,17.0000,1
453,Xianjun Geng,UT Dallas,0.026717,0.008469,0.044964,0.2500,18.7500,1
454,Scott Rodilitz,UCLA (Anderson),0.026501,0.050804,0.002198,1.0833,0.9167,3
455,Yehua Wei,Duke (Fuqua),0.026410,0.029639,0.023182,0.6667,9.6667,2
456,Baek Jung Kim,UBC (Sauder),0.026335,0.012701,0.039968,0.3333,16.6667,1
456,Muhammad Zia Hydari,Wharton (UPenn),0.026335,0.012701,0.039968,0.3333,16.6667,1
456,Rahul Telang,Carnegie Mellon (Tepper),0.026335,0.012701,0.039968,0.3333,16.6667,1
456,William M. Marella,Wharton (UPenn),0.026335,0.012701,0.039968,0.3333,16.6667,1
460,Zhen Lian,Yale,0.026246,0.038103,0.014388,0.8333,6.0000,2
461,Candace Cravey,Virginia (Darden),0.026173,0.021170,0.031175,0.5000,13.0000,1
461,Dmitri Kuksov,UT Dallas,0.026173,0.021170,0.031175,0.5000,13.0000,1
461,Fatma Kılınç-Karzan,Carnegie Mellon (Tepper),0.026173,0.021170,0.031175,0.5000,13.0000,1
461,Tim Eisert,SMU (Cox),0.026173,0.021170,0.031175,0.5000,13.0000,1
465,Mehmet Gümüş,McGill (Desautels),0.026139,0.022862,0.029417,0.5333,12.2667,2
466,Brad Greenwood,Virginia (Darden),0.026117,0.008469,0.043765,0.2500,18.2500,1
466,Jeffery McCullough,Michigan (Ross),0.026117,0.008469,0.043765,0.2500,18.2500,1
466,Kartik K. Ganju,McGill (Desautels),0.026117,0.008469,0.043765,0.2500,18.2500,1
469,Irene Lo,Stanford,0.026090,0.025402,0.026779,0.5833,11.1667,2
470,Noah Gans,Wharton (UPenn),0.026011,0.029639,0.022382,0.6667,9.3333,2
470,Özge Yapar,Indiana (Kelley),0.026011,0.029639,0.022382,0.6667,9.3333,2
472,Jay Simon,UW (Foster),0.025684,0.046572,0.004796,1.0000,2.0000,1
473,Jacob Feldman,UW (Foster),0.025591,0.025402,0.025779,0.5833,10.7500,2
474,Ali Hajjar,Harvard,0.025573,0.021170,0.029976,0.5000,12.5000,1
474,Gary E. Bolton,UT Dallas,0.025573,0.021170,0.029976,0.5000,12.5000,1
474,Gregor Matvos,Chicago (Booth),0.025573,0.021170,0.029976,0.5000,12.5000,1
474,Oguzhan Alagoz,Wisconsin-Madison,0.025573,0.021170,0.029976,0.5000,12.5000,1
474,Zhiguo He,Chicago (Booth),0.025573,0.021170,0.029976,0.5000,12.5000,1
479,Antonio Moreno,Harvard,0.025535,0.012701,0.038369,0.3333,16.0000,1
479,Heng Zhang,USC (Marshall),0.025535,0.012701,0.038369,0.3333,16.0000,1
479,Jinglong Zhao,MIT,0.025535,0.012701,0.038369,0.3333,16.0000,1
482,Yining Wang,UT Dallas,0.025211,0.029639,0.020783,0.6667,8.6667,2
483,Chenghuai Li,Duke (Fuqua),0.025136,0.012701,0.037570,0.3333,15.6667,1
483,Elliot Bendoly,Ohio State (Fisher),0.025136,0.012701,0.037570,0.3333,15.6667,1
485,Anh Le,Penn State (Smeal),0.024974,0.021170,0.028777,0.5000,12.0000,1
485,Ilya O. Ryzhov,Maryland (Smith),0.024974,0.021170,0.028777,0.5000,12.0000,1
485,Scott Joslin,USC (Marshall),0.024974,0.021170,0.028777,0.5000,12.0000,1
485,Ye Chen,Virginia (Darden),0.024974,0.021170,0.028777,0.5000,12.0000,1
489,Robert L. Winkler,Duke (Fuqua),0.024918,0.008469,0.041367,0.2500,17.2500,1
490,Hongda Zhong,UT Dallas,0.024485,0.046572,0.002398,1.0000,1.0000,1
491,Qingxia Kong,SMU (Cox),0.024307,0.005929,0.042686,0.2000,17.8000,1
492,Feng Zhu,MIT,0.024086,0.046572,0.001599,1.0000,0.6667,3
493,Emily W. Choi,UT Dallas,0.023937,0.012701,0.035172,0.3333,14.6667,1
493,Eva Labro,UNC (Kenan-Flagler),0.023937,0.012701,0.035172,0.3333,14.6667,1
493,Stephen Glaeser,UNC (Kenan-Flagler),0.023937,0.012701,0.035172,0.3333,14.6667,1
496,Amine Allouah,Columbia,0.023775,0.021170,0.026379,0.5000,11.0000,1
496,Francois Margot,Carnegie Mellon (Tepper),0.023775,0.021170,0.026379,0.5000,11.0000,1
498,William B. Haskell,Purdue (Daniels),0.023613,0.029639,0.017586,0.6667,7.3333,2
499,Ann P. Bartel,Columbia,0.023537,0.012701,0.034372,0.3333,14.3333,1
499,Humoud Alsabah,UW (Foster),0.023537,0.012701,0.034372,0.3333,14.3333,1
499,Iavor Bojinov,Harvard,0.023537,0.012701,0.034372,0.3333,14.3333,1
499,Justin Jia,Purdue (Daniels),0.023537,0.012701,0.034372,0.3333,14.3333,1
503,Berkeley J. Dietvorst,Chicago (Booth),0.023286,0.046572,0.000000,1.0000,0.0000,1
504,Reza Ahmadi,UCLA (Anderson),0.023213,0.029639,0.016787,0.6667,7.0000,2
504,Sriram Dasu,USC (Marshall),0.023213,0.029639,0.016787,0.6667,7.0000,2
506,Morvarid Rahmani,Georgia Tech (Scheller),0.023175,0.021170,0.025180,0.5000,10.5000,1
506,Terry A. Taylor,UC Berkeley (Haas),0.023175,0.021170,0.025180,0.5000,10.5000,1
508,A. Yeşim Orhun,Michigan (Ross),0.023137,0.012701,0.033573,0.3333,14.0000,1
508,Carol Peden,USC (Marshall),0.023137,0.012701,0.033573,0.3333,14.0000,1
508,Yan Huang,Carnegie Mellon (Tepper),0.023137,0.012701,0.033573,0.3333,14.0000,1
511,Joshua Lewis,NYU (Stern),0.023048,0.038103,0.007994,0.8333,3.3333,2
512,Ashwin Venkataraman,Harvard,0.022737,0.012701,0.032774,0.3333,13.6667,1
512,Can Küçükgül,UT Dallas,0.022737,0.012701,0.032774,0.3333,13.6667,1
512,Clifford Stein,Columbia,0.022737,0.012701,0.032774,0.3333,13.6667,1
512,Evgeny Kagan,Michigan (Ross),0.022737,0.012701,0.032774,0.3333,13.6667,1
512,Guangwen Kong,Minnesota (Carlson),0.022737,0.012701,0.032774,0.3333,13.6667,1
512,Kris J. Ferreira,Harvard,0.022737,0.012701,0.032774,0.3333,13.6667,1
512,Lakshminarayanan Subramanian,NYU (Stern),0.022737,0.012701,0.032774,0.3333,13.6667,1
512,Sampath Rajagopalan,USC (Marshall),0.022737,0.012701,0.032774,0.3333,13.6667,1
512,Shreyas Sekar,Toronto (Rotman),0.022737,0.012701,0.032774,0.3333,13.6667,1
512,Van-Anh Truong,Columbia,0.022737,0.012701,0.032774,0.3333,13.6667,1
522,Negar Soheili,UIUC (Gies),0.022693,0.025402,0.019984,0.5833,8.3333,2
522,Qihang Lin,Iowa (Tippie),0.022693,0.025402,0.019984,0.5833,8.3333,2
524,K. Drakopoulos,USC (Marshall),0.022575,0.021170,0.023981,0.5000,10.0000,1
524,Nikhil Garg,Cornell,0.022575,0.021170,0.023981,0.5000,10.0000,1
524,R. S. Randhawa,USC (Marshall),0.022575,0.021170,0.023981,0.5000,10.0000,1
527,Chenguang (Allen) Wu,Northwestern (Kellogg),0.022338,0.012701,0.031974,0.3333,13.3333,1
527,Elena Belavina,Cornell,0.022338,0.012701,0.031974,0.3333,13.3333,1
527,Hyuck David Chung,Michigan (Ross),0.022338,0.012701,0.031974,0.3333,13.3333,1
527,Ohad Perry,Northwestern (Kellogg),0.022338,0.012701,0.031974,0.3333,13.3333,1
527,Yue Maggie Zhou,Michigan (Ross),0.022338,0.012701,0.031974,0.3333,13.3333,1
532,Paul Glasserman,Columbia,0.022049,0.038103,0.005995,0.8333,2.5000,2
533,Christos Tzamos,Wisconsin-Madison,0.021976,0.021170,0.022782,0.5000,9.5000,1
533,Seokwoo Lee,Michigan (Ross),0.021976,0.021170,0.022782,0.5000,9.5000,1
535,Amit Basu,SMU (Cox),0.021538,0.012701,0.030376,0.3333,12.6667,1
535,Rajiv Mukherjee,SMU (Cox),0.021538,0.012701,0.030376,0.3333,12.6667,1
535,Sreekumar Bhaskaran,SMU (Cox),0.021538,0.012701,0.030376,0.3333,12.6667,1
538,Meng Qi,Cornell,0.021384,0.003028,0.039740,0.1429,16.5714,1
538,Yuanyuan Shi,UC San Diego (Rady),0.021384,0.003028,0.039740,0.1429,16.5714,1
538,Zuo-Jun (Max) Shen,Cornell,0.021384,0.003028,0.039740,0.1429,16.5714,1
541,Mariana Khapko,Toronto (Rotman),0.021376,0.021170,0.021583,0.5000,9.0000,1
541,Marius Zoican,Toronto (Rotman),0.021376,0.021170,0.021583,0.5000,9.0000,1
543,Oliver Levine,Wisconsin-Madison,0.020777,0.021170,0.020384,0.5000,8.5000,1
543,Weihua Zhang,UBC (Sauder),0.020777,0.021170,0.020384,0.5000,8.5000,1
545,Hanzhang Qin,MIT,0.020739,0.012701,0.028777,0.3333,12.0000,1
546,Dennis J. Zhang,Northwestern (Kellogg),0.020704,0.004237,0.037170,0.1667,15.5000,1
546,Eric Park,UBC (Sauder),0.020704,0.004237,0.037170,0.1667,15.5000,1
546,Robert S. Young,Indiana (Kelley),0.020704,0.004237,0.037170,0.1667,15.5000,1
549,Deeksha Sinha,MIT,0.020599,0.014820,0.026379,0.3750,11.0000,2
550,Emre M. Demirezen,Florida (Warrington),0.020422,0.008469,0.032374,0.2500,13.5000,1
550,Ramkumar Janakiraman,Columbia,0.020422,0.008469,0.032374,0.2500,13.5000,1
552,Jong Myeong Lim,Florida (Warrington),0.020415,0.029639,0.011191,0.6667,4.6667,2
553,Alan L. Erera,Georgia Tech (Scheller),0.020339,0.012701,0.027978,0.3333,11.6667,1
553,Alejandro Toriello,Georgia Tech (Scheller),0.020339,0.012701,0.027978,0.3333,11.6667,1
553,Alexander M. Stroh,Georgia Tech (Scheller),0.020339,0.012701,0.027978,0.3333,11.6667,1
553,Jeremy J. Kalas,MIT,0.020339,0.012701,0.027978,0.3333,11.6667,1
553,Jerry Anunrojwong,Columbia,0.020339,0.012701,0.027978,0.3333,11.6667,1
553,Katharina Lewellen,Dartmouth (Tuck),0.020339,0.012701,0.027978,0.3333,11.6667,1
553,Krishnamurthy Iyer,Minnesota (Carlson),0.020339,0.012701,0.027978,0.3333,11.6667,1
553,Manuel Adelino,Duke (Fuqua),0.020339,0.012701,0.027978,0.3333,11.6667,1
553,W. Ben McCartney,Purdue (Daniels),0.020339,0.012701,0.027978,0.3333,11.6667,1
562,Soheil Ghili,Yale,0.020251,0.038103,0.002398,0.8333,1.0000,2
563,Susan J. Lambert,Chicago (Booth),0.020122,0.008469,0.031775,0.2500,13.2500,1
564,Abhishek Deshmane,Georgia Tech (Scheller),0.020051,0.038103,0.001998,0.8333,0.8333,2
565,Christian Kaps,Wharton (UPenn),0.019940,0.012701,0.027178,0.3333,11.3333,1
565,Harshita Kajaria-Montag,Indiana (Kelley),0.019940,0.012701,0.027178,0.3333,11.3333,1
565,Nachiketa Sahoo,Boston U (Questrom),0.019940,0.012701,0.027178,0.3333,11.3333,1
565,Philipp Strack,UC Berkeley (Haas),0.019940,0.012701,0.027178,0.3333,11.3333,1
565,Yicheng Song,Minnesota (Carlson),0.019940,0.012701,0.027178,0.3333,11.3333,1
565,Yue Hu,Columbia,0.019940,0.012701,0.027178,0.3333,11.3333,1
571,Lauren Xiaoyuan Lu,Dartmouth (Tuck),0.019578,0.021170,0.017986,0.5000,7.5000,1
571,Raghav Singal,Columbia,0.019578,0.021170,0.017986,0.5000,7.5000,1
573,Meng Qi,UC Berkeley (Haas),0.019540,0.012701,0.026379,0.3333,11.0000,1
573,Ruslan Momot,Michigan (Ross),0.019540,0.012701,0.026379,0.3333,11.0000,1
573,Sentao Miao,Colorado (Leeds),0.019540,0.012701,0.026379,0.3333,11.0000,1
573,Yanzhe (Murray) Lei,MIT,0.019540,0.012701,0.026379,0.3333,11.0000,1
573,Ying Cao,UC Berkeley (Haas),0.019540,0.012701,0.026379,0.3333,11.0000,1
573,Zuo-Jun (Max) Shen,UC Berkeley (Haas),0.019540,0.012701,0.026379,0.3333,11.0000,1
579,Gordon Burtch,Boston U (Questrom),0.019140,0.012701,0.025580,0.3333,10.6667,1
579,Rui Sun,MIT,0.019140,0.012701,0.025580,0.3333,10.6667,1
579,Stanley Frederick W. T. Lim,Michigan (Ross),0.019140,0.012701,0.025580,0.3333,10.6667,1
579,Yash Babar,Wisconsin-Madison,0.019140,0.012701,0.025580,0.3333,10.6667,1
583,Luca Maini,Harvard,0.018978,0.021170,0.016787,0.5000,7.0000,1
584,A. Max Reppen,Boston U (Questrom),0.018741,0.012701,0.024780,0.3333,10.3333,1
584,Yunzong Xu,MIT,0.018741,0.012701,0.024780,0.3333,10.3333,1
586,Christian Kroer,Columbia,0.018716,0.019961,0.017472,0.4762,7.2857,2
587,Heng Zhang,Arizona State (Carey),0.018485,0.015729,0.021240,0.3929,8.8571,2
588,Xiao-Yue Gong,Carnegie Mellon (Tepper),0.018379,0.021170,0.015588,0.5000,6.5000,1
589,Jonathan W. Williams,UNC (Kenan-Flagler),0.018341,0.012701,0.023981,0.3333,10.0000,1
589,Katia Sycara,Carnegie Mellon (Tepper),0.018341,0.012701,0.023981,0.3333,10.0000,1
589,Yichun Hu,Cornell,0.018341,0.012701,0.023981,0.3333,10.0000,1
592,Alexander Shapiro,Georgia Tech (Scheller),0.017941,0.012701,0.023182,0.3333,9.6667,1
592,Anton J. Kleywegt,Georgia Tech (Scheller),0.017941,0.012701,0.023182,0.3333,9.6667,1
592,D. J. Wu,Georgia Tech (Scheller),0.017941,0.012701,0.023182,0.3333,9.6667,1
592,Peter W. Glynn,Stanford,0.017941,0.012701,0.023182,0.3333,9.6667,1
596,Saurabh Bansal,Penn State (Smeal),0.017897,0.025402,0.010392,0.5833,4.3333,2
597,Andreea Minca,Cornell,0.017779,0.021170,0.014388,0.5000,6.0000,1
597,Ariah Klages-Mundt,Cornell,0.017779,0.021170,0.014388,0.5000,6.0000,1
597,Zhimei Ren,Wharton (UPenn),0.017779,0.021170,0.014388,0.5000,6.0000,1
600,James B. Rebitzer,Boston U (Questrom),0.017724,0.008469,0.026978,0.2500,11.2500,1
600,Keith Marzilli Ericson,Boston U (Questrom),0.017724,0.008469,0.026978,0.2500,11.2500,1
600,Leila Agha,Dartmouth (Tuck),0.017724,0.008469,0.026978,0.2500,11.2500,1
603,Ignacio Rios,UT Dallas,0.017542,0.012701,0.022382,0.3333,9.3333,1
603,Jens Hainmueller,Stanford,0.017542,0.012701,0.022382,0.3333,9.3333,1
603,Mili Mehrotra,Minnesota (Carlson),0.017542,0.012701,0.022382,0.3333,9.3333,1
603,Sandra Sülz,SMU (Cox),0.017542,0.012701,0.022382,0.3333,9.3333,1
607,Ciamac C. Moallemi,Columbia,0.017424,0.008469,0.026379,0.2500,11.0000,1
607,Mariana Nicolae,Michigan (Ross),0.017424,0.008469,0.026379,0.2500,11.0000,1
607,Mark Ferguson,Columbia,0.017424,0.008469,0.026379,0.2500,11.0000,1
607,Nikhil Bhat,Columbia,0.017424,0.008469,0.026379,0.2500,11.0000,1
611,Vijay Kamble,UIUC (Gies),0.017344,0.031331,0.003357,0.7000,1.4000,2
612,Anita L. Carson,Boston U (Questrom),0.017180,0.021170,0.013189,0.5000,5.5000,2
612,Raymond Kan,Toronto (Rotman),0.017180,0.021170,0.013189,0.5000,5.5000,1
614,Alex Chin,Stanford,0.017142,0.012701,0.021583,0.3333,9.0000,1
614,Dean Eckles,MIT,0.017142,0.012701,0.021583,0.3333,9.0000,1
614,Hao Yuan,Michigan (Ross),0.017142,0.012701,0.021583,0.3333,9.0000,1
614,Johan Ugander,Stanford,0.017142,0.012701,0.021583,0.3333,9.0000,1
614,Junhyun Bae,Michigan (Ross),0.017142,0.012701,0.021583,0.3333,9.0000,1
614,Qi Luo,Michigan (Ross),0.017142,0.012701,0.021583,0.3333,9.0000,1
620,Christopher Tang,UCLA (Anderson),0.016787,0.022862,0.010712,0.5333,4.4667,2
621,Chun Wang,Columbia,0.016742,0.012701,0.020783,0.3333,8.6667,1
622,Benjamin Bushong,Michigan State (Broad),0.016580,0.021170,0.011990,0.5000,5.0000,1
622,Jad Salem,Maryland (Smith),0.016580,0.021170,0.011990,0.5000,5.0000,1
622,Swati Gupta,MIT,0.016580,0.021170,0.011990,0.5000,5.0000,1
622,Tristan Gagnon-Bartsch,Florida (Warrington),0.016580,0.021170,0.011990,0.5000,5.0000,1
626,Aaron Striegel,Notre Dame (Mendoza),0.016525,0.008469,0.024580,0.2500,10.2500,1
626,Idris Adjerid,Virginia Tech (Pamplin),0.016525,0.008469,0.024580,0.2500,10.2500,1
626,Rachael Purta,Notre Dame (Mendoza),0.016525,0.008469,0.024580,0.2500,10.2500,1
629,Sergei Savin,Wharton (UPenn),0.016418,0.029639,0.003197,0.6667,1.3333,2
630,Ali Aouad,MIT,0.016398,0.025402,0.007394,0.5833,3.0833,2
631,Daniel Diermeier,Chicago (Booth),0.016394,0.005929,0.026859,0.2000,11.2000,1
631,Seyed M. R. Iravani,Northwestern (Kellogg),0.016394,0.005929,0.026859,0.2000,11.2000,1
631,Wallace J. Hopp,Michigan (Ross),0.016394,0.005929,0.026859,0.2000,11.2000,1
631,Yao Cheng,Northwestern (Kellogg),0.016394,0.005929,0.026859,0.2000,11.2000,1
635,Dmitry Krass,Toronto (Rotman),0.016342,0.012701,0.019984,0.3333,8.3333,1
635,Ernan Haruvy,McGill (Desautels),0.016342,0.012701,0.019984,0.3333,8.3333,1
635,Hang Ren,Virginia (Darden),0.016342,0.012701,0.019984,0.3333,8.3333,1
635,Mohammad M. Fazel-Zarandi,Yale,0.016342,0.012701,0.019984,0.3333,8.3333,1
635,Oded Berman,Toronto (Rotman),0.016342,0.012701,0.019984,0.3333,8.3333,1
635,Rihuan Huang,Cornell,0.016342,0.012701,0.019984,0.3333,8.3333,1
635,Sudeep Bhatia,Wharton (UPenn),0.016342,0.012701,0.019984,0.3333,8.3333,1
642,Sudipto Dasgupta,UW (Foster),0.016225,0.008469,0.023981,0.2500,10.0000,1
643,Jackie Baek,NYU (Stern),0.016158,0.027521,0.004796,0.6250,2.0000,2
644,Daniel Freund,MIT,0.015981,0.021170,0.010791,0.5000,4.5000,1
644,Dawson Kaaua,UW (Foster),0.015981,0.021170,0.010791,0.5000,4.5000,1
644,Siddhartha Banerjee,Cornell,0.015981,0.021170,0.010791,0.5000,4.5000,1
644,Youngsoo Kim,USC (Marshall),0.015981,0.021170,0.010791,0.5000,4.5000,1
644,Yuqian Xu,UNC (Kenan-Flagler),0.015981,0.021170,0.010791,0.5000,4.5000,1
649,Katherine B. Coffman,Harvard,0.015943,0.012701,0.019185,0.3333,8.0000,1
649,Manuela R. Collis,Toronto (Rotman),0.015943,0.012701,0.019185,0.3333,8.0000,1
651,Yuan Zhou,UIUC (Gies),0.015925,0.008469,0.023381,0.2500,9.7500,1
652,Linda V. Green,Columbia,0.015674,0.005929,0.025420,0.2000,10.6000,1
652,Suparerk Lekwijit,Wharton (UPenn),0.015674,0.005929,0.025420,0.2000,10.6000,1
654,Dana G. Popescu,Virginia (Darden),0.015543,0.012701,0.018385,0.3333,7.6667,1
654,Elina H. Hwang,UW (Foster),0.015543,0.012701,0.018385,0.3333,7.6667,1
654,Khashayar Khosravi,Stanford,0.015543,0.012701,0.018385,0.3333,7.6667,1
654,Wendy Olsder,SMU (Cox),0.015543,0.012701,0.018385,0.3333,7.6667,1
658,Andrei Hagiu,Boston U (Questrom),0.015381,0.021170,0.009592,0.5000,4.0000,1
658,Brent B. Moritz,Penn State (Smeal),0.015381,0.021170,0.009592,0.5000,4.0000,1
658,Pengyu Qian,Purdue (Daniels),0.015381,0.021170,0.009592,0.5000,4.0000,1
658,Yunzong Xu,UIUC (Gies),0.015381,0.021170,0.009592,0.5000,4.0000,1
662,Fahad Saleh,UNC (Kenan-Flagler),0.015326,0.008469,0.022182,0.2500,9.2500,1
662,Wenjun Wang,Columbia,0.015326,0.008469,0.022182,0.2500,9.2500,1
664,Dayton Steele,Minnesota (Carlson),0.015219,0.029639,0.000799,0.6667,0.3333,2
665,Alain Bensoussan,UT Dallas,0.015143,0.012701,0.017586,0.3333,7.3333,1
665,Brett A. Hathaway,Johns Hopkins (Carey),0.015143,0.012701,0.017586,0.3333,7.3333,1
665,Sanjith Gopalakrishnan,McGill (Desautels),0.015143,0.012701,0.017586,0.3333,7.3333,1
665,Seyed M. Emadi,UNC (Kenan-Flagler),0.015143,0.012701,0.017586,0.3333,7.3333,1
665,Sveinn Ólafsson,Columbia,0.015143,0.012701,0.017586,0.3333,7.3333,1
665,Tat Y. Chan,WashU (Olin),0.015143,0.012701,0.017586,0.3333,7.3333,1
671,Elisabeth Paulson,Harvard,0.014820,0.029639,0.000000,0.6667,0.0000,2
672,David Klinowski,Wharton (UPenn),0.014782,0.021170,0.008393,0.5000,3.5000,1
672,Katherine Coffman,Harvard,0.014782,0.021170,0.008393,0.5000,3.5000,1
672,Stefan Reichelstein,Stanford,0.014782,0.021170,0.008393,0.5000,3.5000,1
672,Sunil Dutta,UC Berkeley (Haas),0.014782,0.021170,0.008393,0.5000,3.5000,1
676,Asuman Ozdaglar,MIT,0.014744,0.012701,0.016787,0.3333,7.0000,1
676,Bart P. G. Van Parys,MIT,0.014744,0.012701,0.016787,0.3333,7.0000,1
676,Elena Andreyeva,Texas A&M (Mays),0.014744,0.012701,0.016787,0.3333,7.0000,1
676,Guy David,Wharton (UPenn),0.014744,0.012701,0.016787,0.3333,7.0000,1
676,Han Yu,USC (Marshall),0.014744,0.012701,0.016787,0.3333,7.0000,1
676,Luyi Yang,Johns Hopkins (Carey),0.014744,0.012701,0.016787,0.3333,7.0000,1
682,Dan Zhang,Colorado (Leeds),0.014475,0.005929,0.023022,0.2000,9.6000,1
682,Saibal Ray,McGill (Desautels),0.014475,0.005929,0.023022,0.2000,9.6000,1
684,Hilal Atasoy,Wharton (UPenn),0.014344,0.012701,0.015987,0.3333,6.6667,1
684,Kartik Ganju,McGill (Desautels),0.014344,0.012701,0.015987,0.3333,6.6667,1
684,Pei-yu Chen,Arizona State (Carey),0.014344,0.012701,0.015987,0.3333,6.6667,1
687,Amir Ardestani-Jaafari,UBC (Sauder),0.014182,0.021170,0.007194,0.5000,3.0000,1
687,Beste Kucukyazici,Michigan State (Broad),0.014182,0.021170,0.007194,0.5000,3.0000,1
687,Chen Wei,WashU (Olin),0.014182,0.021170,0.007194,0.5000,3.0000,1
687,Xu Kuang,Stanford,0.014182,0.021170,0.007194,0.5000,3.0000,1
687,Yu An,Johns Hopkins (Carey),0.014182,0.021170,0.007194,0.5000,3.0000,1
692,Yicheng Bai,Cornell,0.013982,0.021170,0.006794,0.5000,2.8333,2
693,Achraf Bahamou,Columbia,0.013944,0.012701,0.015188,0.3333,6.3333,1
693,Andre P. Calmon,Georgia Tech (Scheller),0.013944,0.012701,0.015188,0.3333,6.3333,1
693,Arielle Anderer,Wharton (UPenn),0.013944,0.012701,0.015188,0.3333,6.3333,1
693,Arun Sundararajan,NYU (Stern),0.013944,0.012701,0.015188,0.3333,6.3333,1
693,John A. Muckstadt,Cornell,0.013944,0.012701,0.015188,0.3333,6.3333,1
693,John Silberholz,Michigan (Ross),0.013944,0.012701,0.015188,0.3333,6.3333,1
693,Jon Kleinberg,Cornell,0.013944,0.012701,0.015188,0.3333,6.3333,1
693,Manish Raghavan,MIT,0.013944,0.012701,0.015188,0.3333,6.3333,1
693,Mustafa Dogan,MIT,0.013944,0.012701,0.015188,0.3333,6.3333,1
693,Peter L. Jackson,Cornell,0.013944,0.012701,0.015188,0.3333,6.3333,1
693,Sendhil Mullainathan,Chicago (Booth),0.013944,0.012701,0.015188,0.3333,6.3333,1
693,Yuexing Li,Cornell,0.013944,0.012701,0.015188,0.3333,6.3333,1
705,Garud N. Iyengar,Columbia,0.013909,0.004237,0.023581,0.1667,9.8333,1
705,Shuangyu Wang,MIT,0.013909,0.004237,0.023581,0.1667,9.8333,1
705,Xiao-Yue Gong,MIT,0.013909,0.004237,0.023581,0.1667,9.8333,1
708,Yuxin Chen,NYU (Stern),0.013827,0.008469,0.019185,0.2500,8.0000,1
709,Petar Momčilović,Texas A&M (Mays),0.013709,0.004237,0.023182,0.1667,9.6667,1
710,Randall Berry,Northwestern (Kellogg),0.013634,0.014398,0.012870,0.3667,5.3667,2
711,Cagin Uru,Duke (Fuqua),0.013583,0.021170,0.005995,0.5000,2.5000,1
711,Yuchong Zhang,Toronto (Rotman),0.013583,0.021170,0.005995,0.5000,2.5000,1
713,Alexandre Belloni,Duke (Fuqua),0.013545,0.012701,0.014388,0.3333,6.0000,1
713,Chen-An Lin,Duke (Fuqua),0.013545,0.012701,0.014388,0.3333,6.0000,1
713,Giuseppe Lopomo,Duke (Fuqua),0.013545,0.012701,0.014388,0.3333,6.0000,1
713,Ozlem Yildiz,Virginia (Darden),0.013545,0.012701,0.014388,0.3333,6.0000,1
713,Zhiyuan Huang,Michigan (Ross),0.013545,0.012701,0.014388,0.3333,6.0000,1
718,Marco Pavone,Stanford,0.013276,0.005929,0.020624,0.2000,8.6000,1
719,Lan Wang,Florida (Warrington),0.013269,0.022862,0.003677,0.5333,1.5333,2
720,Anuj Kumar,Florida (Warrington),0.013145,0.012701,0.013589,0.3333,5.6667,1
720,Necati Tereyağoğlu,Columbia,0.013145,0.012701,0.013589,0.3333,5.6667,1
720,Patrick Jaillet,MIT,0.013145,0.012701,0.013589,0.3333,5.6667,1
720,Piao Chen,UIUC (Gies),0.013145,0.012701,0.013589,0.3333,5.6667,1
720,Övünç Yılmaz,Colorado (Leeds),0.013145,0.012701,0.013589,0.3333,5.6667,1
725,Dor Morag,Wharton (UPenn),0.012983,0.021170,0.004796,0.5000,2.0000,1
725,Hanna Halaburda,NYU (Stern),0.012983,0.021170,0.004796,0.5000,2.0000,1
725,Jabari Myles,UNC (Kenan-Flagler),0.012983,0.021170,0.004796,0.5000,2.0000,1
725,Jacob Zureich,Wharton (UPenn),0.012983,0.021170,0.004796,0.5000,2.0000,1
725,Joshua S. Gans,Toronto (Rotman),0.012983,0.021170,0.004796,0.5000,2.0000,1
725,Kan Xu,Arizona State (Carey),0.012983,0.021170,0.004796,0.5000,2.0000,1
725,Manasvini Singh,Carnegie Mellon (Tepper),0.012983,0.021170,0.004796,0.5000,2.0000,1
725,Thomas Lloyd,Michigan (Ross),0.012983,0.021170,0.004796,0.5000,2.0000,1
733,Anandasivam Gopal,Maryland (Smith),0.012928,0.008469,0.017386,0.2500,7.2500,1
733,Brad N. Greenwood,Wharton (UPenn),0.012928,0.008469,0.017386,0.2500,7.2500,1
733,Daniel Jiang,Wharton (UPenn),0.012928,0.008469,0.017386,0.2500,7.2500,1
733,Rajshree Agarwal,Maryland (Smith),0.012928,0.008469,0.017386,0.2500,7.2500,1
733,Ritu Agarwal,Maryland (Smith),0.012928,0.008469,0.017386,0.2500,7.2500,1
733,Saif Benjaafar,Minnesota (Carlson),0.012928,0.008469,0.017386,0.2500,7.2500,1
733,Xiang Li,UW (Foster),0.012928,0.008469,0.017386,0.2500,7.2500,1
740,Prashant Loyalka,Stanford,0.012628,0.008469,0.016787,0.2500,7.0000,1
741,Bart Van Parys,MIT,0.012384,0.021170,0.003597,0.5000,1.5000,1
741,Jorge Lemus,UIUC (Gies),0.012384,0.021170,0.003597,0.5000,1.5000,1
741,Kuang Xu,Stanford,0.012384,0.021170,0.003597,0.5000,1.5000,1
741,Samim Ghamami,UC Berkeley (Haas),0.012384,0.021170,0.003597,0.5000,1.5000,1
741,Yiding Feng,Chicago (Booth),0.012384,0.021170,0.003597,0.5000,1.5000,1
741,Zijie Zhou,MIT,0.012384,0.021170,0.003597,0.5000,1.5000,1
747,Beau Coker,Harvard,0.012346,0.012701,0.011990,0.3333,5.0000,1
747,Cynthia Rudin,Duke (Fuqua),0.012346,0.012701,0.011990,0.3333,5.0000,1
747,Gary King,Harvard,0.012346,0.012701,0.011990,0.3333,5.0000,1
747,Joshua Mollner,Northwestern (Kellogg),0.012346,0.012701,0.011990,0.3333,5.0000,1
747,Markus Baldauf,UBC (Sauder),0.012346,0.012701,0.011990,0.3333,5.0000,1
747,Mochen Yang,Minnesota (Carlson),0.012346,0.012701,0.011990,0.3333,5.0000,1
747,Xuan Bi,Minnesota (Carlson),0.012346,0.012701,0.011990,0.3333,5.0000,1
754,Linwei Xin,Chicago (Booth),0.012184,0.021170,0.003197,0.5000,1.3333,2
755,Boris Groysberg,Harvard,0.012028,0.008469,0.015588,0.2500,6.5000,1
755,J. Yo-Jud Cheng,Virginia (Darden),0.012028,0.008469,0.015588,0.2500,6.5000,1
755,Nicolás E. Stier-Moses,Columbia,0.012028,0.008469,0.015588,0.2500,6.5000,1
755,Paul Healy,Harvard,0.012028,0.008469,0.015588,0.2500,6.5000,1
755,Rajesh Vijayaraghavan,UBC (Sauder),0.012028,0.008469,0.015588,0.2500,6.5000,1
760,Michelle Xiao Wu,MIT,0.012013,0.018630,0.005396,0.4500,2.2500,2
761,Alessandro Arlotto,Duke (Fuqua),0.011946,0.012701,0.011191,0.3333,4.6667,1
761,Andrew E. Frazelle,Duke (Fuqua),0.011946,0.012701,0.011191,0.3333,4.6667,1
761,Wanyi Dai Li,Stanford,0.011946,0.012701,0.011191,0.3333,4.6667,1
761,Yehua Wei,Boston College (Carroll),0.011946,0.012701,0.011191,0.3333,4.6667,1
765,Lennart Baardman,MIT,0.011837,0.005929,0.017746,0.2000,7.4000,1
766,Aydın Alptekinoğlu,Penn State (Smeal),0.011784,0.021170,0.002398,0.5000,1.0000,1
766,Chonghuan Wang,MIT,0.011784,0.021170,0.002398,0.5000,1.0000,1
766,Eojin Han,Notre Dame (Mendoza),0.011784,0.021170,0.002398,0.5000,1.0000,1
766,Joowon Klusowski,Yale,0.011784,0.021170,0.002398,0.5000,1.0000,1
766,Peter Klibanoff,Northwestern (Kellogg),0.011784,0.021170,0.002398,0.5000,1.0000,1
766,Sunkee Lee,Carnegie Mellon (Tepper),0.011784,0.021170,0.002398,0.5000,1.0000,1
766,Tim Randolph,Columbia,0.011784,0.021170,0.002398,0.5000,1.0000,1
773,Chad Syverson,Chicago (Booth),0.011729,0.008469,0.014988,0.2500,6.2500,1
773,Vishal Ahuja,SMU (Cox),0.011729,0.008469,0.014988,0.2500,6.2500,1
775,Anna Bogomolnaia,MIT,0.011546,0.012701,0.010392,0.3333,4.3333,1
775,Eric M. Overby,Georgia Tech (Scheller),0.011546,0.012701,0.010392,0.3333,4.3333,1
775,Hervé Moulin,MIT,0.011546,0.012701,0.010392,0.3333,4.3333,1
775,Jean-François Bégin,UBC (Sauder),0.011546,0.012701,0.010392,0.3333,4.3333,1
775,Michael C. Jernigan,Harvard,0.011546,0.012701,0.010392,0.3333,4.3333,1
775,Sam Ransbotham,Boston College (Carroll),0.011546,0.012701,0.010392,0.3333,4.3333,1
775,Yuan-Mao Kao,Duke (Fuqua),0.011546,0.012701,0.010392,0.3333,4.3333,1
782,Chonghuan Wang,UT Dallas,0.011431,0.022862,0.000000,0.5333,0.0000,2
782,John Silberholz,Maryland (Smith),0.011431,0.022862,0.000000,0.5333,0.0000,2
784,Guido Imbens,Stanford,0.011353,0.018630,0.004077,0.4500,1.7000,2
785,Angela Kohlenberg,Northwestern (Kellogg),0.011185,0.021170,0.001199,0.5000,0.5000,1
785,Bauke Visser,SMU (Cox),0.011185,0.021170,0.001199,0.5000,0.5000,1
785,Evan Polman,Wisconsin-Madison,0.011185,0.021170,0.001199,0.5000,0.5000,1
785,Mauricio Palmeira,Florida (Warrington),0.011185,0.021170,0.001199,0.5000,0.5000,1
785,René A. Caldentey,Chicago (Booth),0.011185,0.021170,0.001199,0.5000,0.5000,1
785,Uri Gneezy,UC San Diego (Rady),0.011185,0.021170,0.001199,0.5000,0.5000,1
791,Mahsa Derakhshan,Maryland (Smith),0.011147,0.012701,0.009592,0.3333,4.0000,1
791,Rachitesh Kumar,Columbia,0.011147,0.012701,0.009592,0.3333,4.0000,1
791,Sait Tunç,Virginia Tech (Pamplin),0.011147,0.012701,0.009592,0.3333,4.0000,1
791,Santiago Balseiro,Columbia,0.011147,0.012701,0.009592,0.3333,4.0000,1
791,Yanwei Jia,Columbia,0.011147,0.012701,0.009592,0.3333,4.0000,1
791,Yue Hu,Stanford,0.011147,0.012701,0.009592,0.3333,4.0000,1
797,Amrita Kundu,UW (Foster),0.010747,0.012701,0.008793,0.3333,3.6667,1
797,Anant Mishra,Minnesota (Carlson),0.010747,0.012701,0.008793,0.3333,3.6667,1
797,Chirantan Chatterjee,Stanford,0.010747,0.012701,0.008793,0.3333,3.6667,1
797,Stephen J. Anderson,Texas A&M (Mays),0.010747,0.012701,0.008793,0.3333,3.6667,1
797,Thomas D. Steffen,Yale,0.010747,0.012701,0.008793,0.3333,3.6667,1
797,X. Frank Zhang,Yale,0.010747,0.012701,0.008793,0.3333,3.6667,1
803,Gabriel Y. Weintraub,Stanford,0.010654,0.014113,0.007194,0.3611,3.0000,2
804,Antoine Désir,MIT,0.010585,0.021170,0.000000,0.5000,0.0000,1
804,Brian Tomlin,Dartmouth (Tuck),0.010585,0.021170,0.000000,0.5000,0.0000,1
804,David Dunning,Michigan (Ross),0.010585,0.021170,0.000000,0.5000,0.0000,1
804,Ebru Kaşıkaralar,Chicago (Booth),0.010585,0.021170,0.000000,0.5000,0.0000,1
804,Eren Ozbay,UIUC (Gies),0.010585,0.021170,0.000000,0.5000,0.0000,1
804,Evan Yao,MIT,0.010585,0.021170,0.000000,0.5000,0.0000,1
804,Hongyu Chen,MIT,0.010585,0.021170,0.000000,0.5000,0.0000,1
804,Jamie Tucker-Foltz,Harvard,0.010585,0.021170,0.000000,0.5000,0.0000,1
804,Karen Donohue,Arizona State (Carey),0.010585,0.021170,0.000000,0.5000,0.0000,1
804,Kinshuk Jerath,Columbia,0.010585,0.021170,0.000000,0.5000,0.0000,1
804,Kumar Rajaram,UCLA (Anderson),0.010585,0.021170,0.000000,0.5000,0.0000,1
804,Richard Zeckhauser,Harvard,0.010585,0.021170,0.000000,0.5000,0.0000,1
804,Russell J. Funk,Minnesota (Carlson),0.010585,0.021170,0.000000,0.5000,0.0000,1
804,Setareh Farajollahzadeh,McGill (Desautels),0.010585,0.021170,0.000000,0.5000,0.0000,1
804,Shanshan Luo,UBC (Sauder),0.010585,0.021170,0.000000,0.5000,0.0000,1
804,Sofia Bapna,Minnesota (Carlson),0.010585,0.021170,0.000000,0.5000,0.0000,1
804,Stav Atir,Wisconsin-Madison,0.010585,0.021170,0.000000,0.5000,0.0000,1
804,Swanand Kulkarni,Georgia Tech (Scheller),0.010585,0.021170,0.000000,0.5000,0.0000,1
804,Xu Sun,Florida (Warrington),0.010585,0.021170,0.000000,0.5000,0.0000,1
804,Yeonjoo Lee,Penn State (Smeal),0.010585,0.021170,0.000000,0.5000,0.0000,1
824,Anthony Veltri,Ohio State (Fisher),0.010421,0.003028,0.017814,0.1429,7.4286,1
824,Brian Fynes,SMU (Cox),0.010421,0.003028,0.017814,0.1429,7.4286,1
824,John Gray,Ohio State (Fisher),0.010421,0.003028,0.017814,0.1429,7.4286,1
824,Mark Pagell,SMU (Cox),0.010421,0.003028,0.017814,0.1429,7.4286,1
824,Michalis Louis,SMU (Cox),0.010421,0.003028,0.017814,0.1429,7.4286,1
829,Dan Andrei Iancu,Stanford,0.010347,0.012701,0.007994,0.3333,3.3333,1
829,Edward Fox,SMU (Cox),0.010347,0.012701,0.007994,0.3333,3.3333,1
829,Gautam Gowrisankaran,Columbia,0.010347,0.012701,0.007994,0.3333,3.3333,1
829,John Semple,SMU (Cox),0.010347,0.012701,0.007994,0.3333,3.3333,1
829,Laura Norman,SMU (Cox),0.010347,0.012701,0.007994,0.3333,3.3333,1
829,Pierre Thomas Léger,UIUC (Gies),0.010347,0.012701,0.007994,0.3333,3.3333,1
829,Vidya Mani,Virginia (Darden),0.010347,0.012701,0.007994,0.3333,3.3333,1
836,Jack Strauss,Colorado (Leeds),0.009948,0.012701,0.007194,0.3333,3.0000,1
836,Mark Schneider,USC (Marshall),0.009948,0.012701,0.007194,0.3333,3.0000,1
836,Soroush Ghazi,USC (Marshall),0.009948,0.012701,0.007194,0.3333,3.0000,1
839,Brian Rongqing Han,USC (Marshall),0.009930,0.008469,0.011391,0.2500,4.7500,1
839,Hyung Paek,Yale,0.009930,0.008469,0.011391,0.2500,4.7500,1
841,Zhaoran Wang,Northwestern (Kellogg),0.009855,0.018630,0.001079,0.4500,0.4500,2
842,Susan Athey,Stanford,0.009663,0.015729,0.003597,0.3929,1.5000,2
843,Manmohan Aseri,UT Dallas,0.009630,0.008469,0.010791,0.2500,4.5000,1
843,Qiong Wang,UIUC (Gies),0.009630,0.008469,0.010791,0.2500,4.5000,1
845,Ahmad M. Ashkanani,UW (Foster),0.009548,0.012701,0.006395,0.3333,2.6667,1
845,Benjamin B. Dunford,Purdue (Daniels),0.009548,0.012701,0.006395,0.3333,2.6667,1
845,Douglas Guilbeault,UC Berkeley (Haas),0.009548,0.012701,0.006395,0.3333,2.6667,1
845,Edward Bishop Smith,Northwestern (Kellogg),0.009548,0.012701,0.006395,0.3333,2.6667,1
845,Edward Dickersin Van Wesep,Colorado (Leeds),0.009548,0.012701,0.006395,0.3333,2.6667,1
845,Fanyin Zheng,Columbia,0.009548,0.012701,0.006395,0.3333,2.6667,1
845,Joan Brown,USC (Marshall),0.009548,0.012701,0.006395,0.3333,2.6667,1
845,Jordan Martel,Indiana (Kelley),0.009548,0.012701,0.006395,0.3333,2.6667,1
845,Kevin J. Mumford,Purdue (Daniels),0.009548,0.012701,0.006395,0.3333,2.6667,1
845,Mohammad E. Nikoofal,Toronto (Rotman),0.009548,0.012701,0.006395,0.3333,2.6667,1
845,Necati Ertekin,Minnesota (Carlson),0.009548,0.012701,0.006395,0.3333,2.6667,1
845,Robert Van Wesep,Maryland (Smith),0.009548,0.012701,0.006395,0.3333,2.6667,1
845,Sytske C. Wijnsma,UC Berkeley (Haas),0.009548,0.012701,0.006395,0.3333,2.6667,1
858,Eva C. Guinan,Harvard,0.009222,0.003028,0.015416,0.1429,6.4286,1
858,Gary Gray,Harvard,0.009222,0.003028,0.015416,0.1429,6.4286,1
858,Hardeep Ranu,Harvard,0.009222,0.003028,0.015416,0.1429,6.4286,1
858,Jacqueline N. Lane,Harvard,0.009222,0.003028,0.015416,0.1429,6.4286,1
858,Karim R. Lakhani,Harvard,0.009222,0.003028,0.015416,0.1429,6.4286,1
858,Michael Menietti,Harvard,0.009222,0.003028,0.015416,0.1429,6.4286,1
858,Misha Teplitskiy,Michigan (Ross),0.009222,0.003028,0.015416,0.1429,6.4286,1
865,Cynthia Cryder,UW (Foster),0.009148,0.012701,0.005595,0.3333,2.3333,1
865,Deniz Akturk,WashU (Olin),0.009148,0.012701,0.005595,0.3333,2.3333,1
865,Jens Leth Hougaard,NYU (Stern),0.009148,0.012701,0.005595,0.3333,2.3333,1
865,Rachel Gershon,UC Berkeley (Haas),0.009148,0.012701,0.005595,0.3333,2.3333,1
865,Ron Adner,Dartmouth (Tuck),0.009148,0.012701,0.005595,0.3333,2.3333,1
865,Zhi-Long Chen,Maryland (Smith),0.009148,0.012701,0.005595,0.3333,2.3333,1
871,Nicholas Renegar,MIT,0.008880,0.003028,0.014731,0.1429,6.1429,1
871,Stacy Springs,MIT,0.008880,0.003028,0.014731,0.1429,6.1429,1
873,Ajin Lee,Michigan State (Broad),0.008749,0.012701,0.004796,0.3333,2.0000,1
873,Chen Chen,NYU (Stern),0.008749,0.012701,0.004796,0.3333,2.0000,1
873,Clément S. Bellet,SMU (Cox),0.008749,0.012701,0.004796,0.3333,2.0000,1
873,Dennis Zhang,WashU (Olin),0.008749,0.012701,0.004796,0.3333,2.0000,1
873,Ginger Zhe Jin,Maryland (Smith),0.008749,0.012701,0.004796,0.3333,2.0000,1
873,Jimin Park,MIT,0.008749,0.012701,0.004796,0.3333,2.0000,1
873,Marco Salerno,Toronto (Rotman),0.008749,0.012701,0.004796,0.3333,2.0000,1
873,On Amir,UC San Diego (Rady),0.008749,0.012701,0.004796,0.3333,2.0000,1
873,Redouane Elkamhi,Toronto (Rotman),0.008749,0.012701,0.004796,0.3333,2.0000,1
873,Saif Benjaafar,Michigan (Ross),0.008749,0.012701,0.004796,0.3333,2.0000,1
873,Xiaotang Yang,Minnesota (Carlson),0.008749,0.012701,0.004796,0.3333,2.0000,1
884,Fan Zhang,Stanford,0.008731,0.008469,0.008993,0.2500,3.7500,1
884,Jing Zhou,UNC (Kenan-Flagler),0.008731,0.008469,0.008993,0.2500,3.7500,1
884,Jose Blanchet,Stanford,0.008731,0.008469,0.008993,0.2500,3.7500,1
884,Moutaz J. Khouja,UNC (Kenan-Flagler),0.008731,0.008469,0.008993,0.2500,3.7500,1
884,Nian Si,Stanford,0.008731,0.008469,0.008993,0.2500,3.7500,1
884,Ram Mudambi,Wharton (UPenn),0.008731,0.008469,0.008993,0.2500,3.7500,1
884,Shubham Gupta,Wharton (UPenn),0.008731,0.008469,0.008993,0.2500,3.7500,1
891,Omar El Housni,Cornell,0.008691,0.010588,0.006794,0.2917,2.8333,2
892,Ayelet Israeli,Harvard,0.008431,0.008469,0.008393,0.2500,3.5000,1
892,Charles Corbett,UCLA (Anderson),0.008431,0.008469,0.008393,0.2500,3.5000,1
892,Fiona Scott-Morton,Yale,0.008431,0.008469,0.008393,0.2500,3.5000,1
892,Florian Zettelmeyer,Northwestern (Kellogg),0.008431,0.008469,0.008393,0.2500,3.5000,1
892,Terry Taylor,UC Berkeley (Haas),0.008431,0.008469,0.008393,0.2500,3.5000,1
897,Tamar Cohen-Hillel,UBC (Sauder),0.008349,0.012701,0.003997,0.3333,1.6667,1
897,Turgay Ayer,Georgia Tech (Scheller),0.008349,0.012701,0.003997,0.3333,1.6667,1
899,Amandeep Singh,Wharton (UPenn),0.008314,0.004237,0.012390,0.1667,5.1667,1
899,Georgios Askalidis,Northwestern (Kellogg),0.008314,0.004237,0.012390,0.1667,5.1667,1
899,Nicole Immorlica,UW (Foster),0.008314,0.004237,0.012390,0.1667,5.1667,1
902,Matt Baucum,Florida (Warrington),0.008131,0.008469,0.007794,0.2500,3.2500,1
903,Alex Imas,Chicago (Booth),0.007949,0.012701,0.003197,0.3333,1.3333,1
903,Ankur Mani,Minnesota (Carlson),0.007949,0.012701,0.003197,0.3333,1.3333,1
903,Dan Iancu,Stanford,0.007949,0.012701,0.003197,0.3333,1.3333,1
903,Dennis Huisman,SMU (Cox),0.007949,0.012701,0.003197,0.3333,1.3333,1
903,Gurdip Bakshi,Wharton (UPenn),0.007949,0.012701,0.003197,0.3333,1.3333,1
903,Jaelynn Oh,UNC (Kenan-Flagler),0.007949,0.012701,0.003197,0.3333,1.3333,1
903,Jiali Huang,Minnesota (Carlson),0.007949,0.012701,0.003197,0.3333,1.3333,1
903,Nilay Taník Argon,UNC (Kenan-Flagler),0.007949,0.012701,0.003197,0.3333,1.3333,1
903,Osbert Bastani,Wharton (UPenn),0.007949,0.012701,0.003197,0.3333,1.3333,1
903,Thomas Breugem,SMU (Cox),0.007949,0.012701,0.003197,0.3333,1.3333,1
903,Tuoyi Zhao,Florida (Warrington),0.007949,0.012701,0.003197,0.3333,1.3333,1
903,Twan Dollevoet,SMU (Cox),0.007949,0.012701,0.003197,0.3333,1.3333,1
903,Wen-Xin Zhou,UIUC (Gies),0.007949,0.012701,0.003197,0.3333,1.3333,1
903,Wichinpong Park Sinchaisri,UC Berkeley (Haas),0.007949,0.012701,0.003197,0.3333,1.3333,1
903,Xavier Warnes,Stanford,0.007949,0.012701,0.003197,0.3333,1.3333,1
903,Xiaohui Gao,Wharton (UPenn),0.007949,0.012701,0.003197,0.3333,1.3333,1
919,Minje Park,Columbia,0.007832,0.008469,0.007194,0.2500,3.0000,1
919,Rena M. Conti,Boston U (Questrom),0.007832,0.008469,0.007194,0.2500,3.0000,1
921,Dirk Hackbarth,Boston U (Questrom),0.007550,0.012701,0.002398,0.3333,1.0000,1
921,Ekaterina Astashkina,Michigan (Ross),0.007550,0.012701,0.002398,0.3333,1.0000,1
921,Eojin Han,Northwestern (Kellogg),0.007550,0.012701,0.002398,0.3333,1.0000,1
921,Murat Köksalan,Michigan (Ross),0.007550,0.012701,0.002398,0.3333,1.0000,1
921,Omid Nohadani,Northwestern (Kellogg),0.007550,0.012701,0.002398,0.3333,1.0000,1
921,Shreyas Sekar,Harvard,0.007550,0.012701,0.002398,0.3333,1.0000,1
921,Thomas J. Chemmanur,Boston College (Carroll),0.007550,0.012701,0.002398,0.3333,1.0000,1
921,Zhipeng Liao,UCLA (Anderson),0.007550,0.012701,0.002398,0.3333,1.0000,1
929,David A. Asch,Wharton (UPenn),0.007532,0.008469,0.006595,0.2500,2.7500,1
929,Dennis J. Zhang,UW (Foster),0.007532,0.008469,0.006595,0.2500,2.7500,1
929,Kevin G. Volpp,Wharton (UPenn),0.007532,0.008469,0.006595,0.2500,2.7500,1
929,Suparerk Lekwijit,Arizona State (Carey),0.007532,0.008469,0.006595,0.2500,2.7500,1
933,Daniel Bauer,Wisconsin-Madison,0.007232,0.008469,0.005995,0.2500,2.5000,1
933,Steven Kou,Boston U (Questrom),0.007232,0.008469,0.005995,0.2500,2.5000,1
935,Cleotilde Gonzalez,Carnegie Mellon (Tepper),0.007150,0.012701,0.001599,0.3333,0.6667,1
935,Dorothee Honhon,UT Dallas,0.007150,0.012701,0.001599,0.3333,0.6667,1
935,Gregory Macnamara,Stanford,0.007150,0.012701,0.001599,0.3333,0.6667,1
935,Kalyan Singhal,Maryland (Smith),0.007150,0.012701,0.001599,0.3333,0.6667,1
935,Krista Li,Indiana (Kelley),0.007150,0.012701,0.001599,0.3333,0.6667,1
935,Xiajun Amy Pan,Florida (Warrington),0.007150,0.012701,0.001599,0.3333,0.6667,1
941,Don A. Moore,UC Berkeley (Haas),0.006932,0.008469,0.005396,0.2500,2.2500,1
941,Elliot Rabinovich,Arizona State (Carey),0.006932,0.008469,0.005396,0.2500,2.2500,1
941,Jack B. Soll,Duke (Fuqua),0.006932,0.008469,0.005396,0.2500,2.2500,1
941,Joshua Klayman,Chicago (Booth),0.006932,0.008469,0.005396,0.2500,2.2500,1
941,Rui Sun,UW (Foster),0.006932,0.008469,0.005396,0.2500,2.2500,1
941,Sanghak Lee,Arizona State (Carey),0.006932,0.008469,0.005396,0.2500,2.2500,1
941,Stanley Frederick W. T. Lim,Michigan State (Broad),0.006932,0.008469,0.005396,0.2500,2.2500,1
948,Angelos Tsoukalas,SMU (Cox),0.006750,0.012701,0.000799,0.3333,0.3333,1
948,Artem Timoshenko,Northwestern (Kellogg),0.006750,0.012701,0.000799,0.3333,0.3333,1
948,Arthur Delarue,Georgia Tech (Scheller),0.006750,0.012701,0.000799,0.3333,0.3333,1
948,Ayoub Amil,Duke (Fuqua),0.006750,0.012701,0.000799,0.3333,0.3333,1
948,Christoph Schiller,Arizona State (Carey),0.006750,0.012701,0.000799,0.3333,0.3333,1
948,Duncan Simester,MIT,0.006750,0.012701,0.000799,0.3333,0.3333,1
948,Ido Bright,UW (Foster),0.006750,0.012701,0.000799,0.3333,0.3333,1
948,Jess Cornaggia,Penn State (Smeal),0.006750,0.012701,0.000799,0.3333,0.3333,1
948,Kimberly Cornaggia,Penn State (Smeal),0.006750,0.012701,0.000799,0.3333,0.3333,1
948,Mehmet I. Canayaz,Penn State (Smeal),0.006750,0.012701,0.000799,0.3333,0.3333,1
948,Michael Hertzel,Arizona State (Carey),0.006750,0.012701,0.000799,0.3333,0.3333,1
948,Pengyu Qian,Boston U (Questrom),0.006750,0.012701,0.000799,0.3333,0.3333,1
948,Raoul Minetti,Michigan State (Broad),0.006750,0.012701,0.000799,0.3333,0.3333,1
948,Susan Chun Zhu,Michigan State (Broad),0.006750,0.012701,0.000799,0.3333,0.3333,1
948,Tarun Kushwaha,Wisconsin-Madison,0.006750,0.012701,0.000799,0.3333,0.3333,1
948,Vanitha Virudachalam,UIUC (Gies),0.006750,0.012701,0.000799,0.3333,0.3333,1
948,Yaqi Xie,Chicago (Booth),0.006750,0.012701,0.000799,0.3333,0.3333,1
948,Yuval Rottenstreich,UC San Diego (Rady),0.006750,0.012701,0.000799,0.3333,0.3333,1
966,Alexander Wei,UC Berkeley (Haas),0.006633,0.008469,0.004796,0.2500,2.0000,1
966,Douglas R. Bish,USC (Marshall),0.006633,0.008469,0.004796,0.2500,2.0000,1
966,Ebru K. Bish,USC (Marshall),0.006633,0.008469,0.004796,0.2500,2.0000,1
969,Alberto Quaini,SMU (Cox),0.006351,0.012701,0.000000,0.3333,0.0000,1
969,Andrey Fradkin,Boston U (Questrom),0.006351,0.012701,0.000000,0.3333,0.0000,1
969,Anqi Wu,Florida (Warrington),0.006351,0.012701,0.000000,0.3333,0.0000,1
969,Anton Kleywegt,Georgia Tech (Scheller),0.006351,0.012701,0.000000,0.3333,0.0000,1
969,Arthur Delarue,Virginia (Darden),0.006351,0.012701,0.000000,0.3333,0.0000,1
969,Catherine H. Tinsley,UW (Foster),0.006351,0.012701,0.000000,0.3333,0.0000,1
969,Christopher F. Chabris,Wharton (UPenn),0.006351,0.012701,0.000000,0.3333,0.0000,1
969,Craig Fernandes,Toronto (Rotman),0.006351,0.012701,0.000000,0.3333,0.0000,1
969,Danial Mohseni-Taheri,UIUC (Gies),0.006351,0.012701,0.000000,0.3333,0.0000,1
969,Danna Thomas,Columbia,0.006351,0.012701,0.000000,0.3333,0.0000,1
969,David D. Yao,Columbia,0.006351,0.012701,0.000000,0.3333,0.0000,1
969,Felipe A. Araujo,Wharton (UPenn),0.006351,0.012701,0.000000,0.3333,0.0000,1
969,Irene Y. Lo,Stanford,0.006351,0.012701,0.000000,0.3333,0.0000,1
969,Jiayue Wan,Cornell,0.006351,0.012701,0.000000,0.3333,0.0000,1
969,Joann F. de Zegher,MIT,0.006351,0.012701,0.000000,0.3333,0.0000,1
969,John J. Horton,MIT,0.006351,0.012701,0.000000,0.3333,0.0000,1
969,Joonho Bae,Indiana (Kelley),0.006351,0.012701,0.000000,0.3333,0.0000,1
969,Lindsey Woodworth,Columbia,0.006351,0.012701,0.000000,0.3333,0.0000,1
969,Michael Jong Kim,UBC (Sauder),0.006351,0.012701,0.000000,0.3333,0.0000,1
969,Michelle N. Meyer,Wharton (UPenn),0.006351,0.012701,0.000000,0.3333,0.0000,1
969,Orgül Öztürk,Columbia,0.006351,0.012701,0.000000,0.3333,0.0000,1
969,Peter I. Frazier,Cornell,0.006351,0.012701,0.000000,0.3333,0.0000,1
969,Richard Gonzalez,Michigan (Ross),0.006351,0.012701,0.000000,0.3333,0.0000,1
969,Sebastien Martin,Northwestern (Kellogg),0.006351,0.012701,0.000000,0.3333,0.0000,1
969,Siva Theja Maguluri,Georgia Tech (Scheller),0.006351,0.012701,0.000000,0.3333,0.0000,1
969,Sofonias Alemu Korsaye,Johns Hopkins (Carey),0.006351,0.012701,0.000000,0.3333,0.0000,1
969,Sridhar Seshadri,UIUC (Gies),0.006351,0.012701,0.000000,0.3333,0.0000,1
969,Sushil Mahavir Varma,Georgia Tech (Scheller),0.006351,0.012701,0.000000,0.3333,0.0000,1
969,Tami Kim,Harvard,0.006351,0.012701,0.000000,0.3333,0.0000,1
969,Timothy C.Y. Chan,Toronto (Rotman),0.006351,0.012701,0.000000,0.3333,0.0000,1
969,Uttara M. Ananthakrishnan,UW (Foster),0.006351,0.012701,0.000000,0.3333,0.0000,1
969,Vibhuti Dhingra,Toronto (Rotman),0.006351,0.012701,0.000000,0.3333,0.0000,1
969,Vineet Kumar,Yale,0.006351,0.012701,0.000000,0.3333,0.0000,1
969,Woonghee Tim Huh,UBC (Sauder),0.006351,0.012701,0.000000,0.3333,0.0000,1
969,Xue Wang,UW (Foster),0.006351,0.012701,0.000000,0.3333,0.0000,1
969,Xuejun Zhao,UNC (Kenan-Flagler),0.006351,0.012701,0.000000,0.3333,0.0000,1
969,Yeqing Zhou,SMU (Cox),0.006351,0.012701,0.000000,0.3333,0.0000,1
969,Yu (Rain) Kan,Indiana (Kelley),0.006351,0.012701,0.000000,0.3333,0.0000,1
969,Yuan Shi,MIT,0.006351,0.012701,0.000000,0.3333,0.0000,1
969,Yujia Zhang,Cornell,0.006351,0.012701,0.000000,0.3333,0.0000,1
1009,Anita Cattrell,Virginia (Darden),0.006082,0.005929,0.006235,0.2000,2.6000,1
1009,Katherine Bobroske,Virginia (Darden),0.006082,0.005929,0.006235,0.2000,2.6000,1
1011,Anicet A. Fangwa,McGill (Desautels),0.006033,0.008469,0.003597,0.2500,1.5000,1
1011,Caroline Flammer,Columbia,0.006033,0.008469,0.003597,0.2500,1.5000,1
1011,Ding Zhao,Carnegie Mellon (Tepper),0.006033,0.008469,0.003597,0.2500,1.5000,1
1011,Hemeng Li,Cornell,0.006033,0.008469,0.003597,0.2500,1.5000,1
1011,Pieter L. van den Berg,SMU (Cox),0.006033,0.008469,0.003597,0.2500,1.5000,1
1011,Rowan P. Clarke,Harvard,0.006033,0.008469,0.003597,0.2500,1.5000,1
1011,Ruoxuan Xiong,Emory (Goizueta),0.006033,0.008469,0.003597,0.2500,1.5000,1
1011,Shane G. Henderson,Cornell,0.006033,0.008469,0.003597,0.2500,1.5000,1
1011,Yuanlu Bai,Columbia,0.006033,0.008469,0.003597,0.2500,1.5000,1
1020,Anne Canamucio,UW (Foster),0.005842,0.005929,0.005755,0.2000,2.4000,1
1020,Humoud Alsabah,Columbia,0.005842,0.005929,0.005755,0.2000,2.4000,1
1020,Rachel M. Werner,Wharton (UPenn),0.005842,0.005929,0.005755,0.2000,2.4000,1
1020,Steven C. Marcus,Wharton (UPenn),0.005842,0.005929,0.005755,0.2000,2.4000,1
1024,John R. Busenbark,Notre Dame (Mendoza),0.005733,0.008469,0.002998,0.2500,1.2500,1
1024,Kaitlin D. Wowak,Notre Dame (Mendoza),0.005733,0.008469,0.002998,0.2500,1.2500,1
1024,Karthik V. Natarajan,Minnesota (Carlson),0.005733,0.008469,0.002998,0.2500,1.2500,1
1027,Jordan D. Tong,Wisconsin-Madison,0.005706,0.002119,0.009293,0.1250,3.8750,1
1027,Samantha Keppler,Michigan (Ross),0.005706,0.002119,0.009293,0.1250,3.8750,1
1029,Billy Jin,Cornell,0.005516,0.004237,0.006794,0.1667,2.8333,1
1029,David P. Williamson,Cornell,0.005516,0.004237,0.006794,0.1667,2.8333,1
1031,Debmalya Panigrahi,Duke (Fuqua),0.005454,0.003028,0.007879,0.1429,3.2857,1
1031,Vincent Conitzer,Duke (Fuqua),0.005454,0.003028,0.007879,0.1429,3.2857,1
1033,Parshan Pakiman,UIUC (Gies),0.005434,0.008469,0.002398,0.2500,1.0000,1
1033,Shelly Rathee,Wharton (UPenn),0.005434,0.008469,0.002398,0.2500,1.0000,1
1035,Fransisca Susan,MIT,0.005363,0.005929,0.004796,0.2000,2.0000,1
1036,Fuqiang Zhang,WashU (Olin),0.005134,0.008469,0.001799,0.2500,0.7500,1
1037,Andrea Lodi,Cornell,0.005123,0.005929,0.004317,0.2000,1.8000,1
1037,Andrew Daw,USC (Marshall),0.005123,0.005929,0.004317,0.2000,1.8000,1
1037,Antonio Castellanos,Chicago (Booth),0.005123,0.005929,0.004317,0.2000,1.8000,1
1037,Jamol Pender,Cornell,0.005123,0.005929,0.004317,0.2000,1.8000,1
1041,Joseph Newhouse,Harvard,0.004883,0.005929,0.003837,0.2000,1.6000,1
1041,Mary Beth Landrum,Harvard,0.004883,0.005929,0.003837,0.2000,1.6000,1
1043,Abhay Parekh,UC Berkeley (Haas),0.004643,0.005929,0.003357,0.2000,1.4000,1
1043,David Marn,UC Berkeley (Haas),0.004643,0.005929,0.003357,0.2000,1.4000,1
1043,Kannan Ramchandran,UC Berkeley (Haas),0.004643,0.005929,0.003357,0.2000,1.4000,1
1043,Nihar Shah,Carnegie Mellon (Tepper),0.004643,0.005929,0.003357,0.2000,1.4000,1
1047,Aaron Babier,Toronto (Rotman),0.004534,0.008469,0.000600,0.2500,0.2500,1
1047,Adam Diamant,Toronto (Rotman),0.004534,0.008469,0.000600,0.2500,0.2500,1
1047,Akshaya Suresh,Virginia (Darden),0.004534,0.008469,0.000600,0.2500,0.2500,1
1047,Alexandra Chouldechova,Carnegie Mellon (Tepper),0.004534,0.008469,0.000600,0.2500,0.2500,1
1047,Amine Bennouna,MIT,0.004534,0.008469,0.000600,0.2500,0.2500,1
1047,Artur Dubrawski,Carnegie Mellon (Tepper),0.004534,0.008469,0.000600,0.2500,0.2500,1
1047,Ashvin Gandhi,UCLA (Anderson),0.004534,0.008469,0.000600,0.2500,0.2500,1
1047,Daniel Wiesen,SMU (Cox),0.004534,0.008469,0.000600,0.2500,0.2500,1
1047,Donghao Ying,UC Berkeley (Haas),0.004534,0.008469,0.000600,0.2500,0.2500,1
1047,Elisa F. Long,UCLA (Anderson),0.004534,0.008469,0.000600,0.2500,0.2500,1
1047,Javad Lavaei,UC Berkeley (Haas),0.004534,0.008469,0.000600,0.2500,0.2500,1
1047,Jingyuan Hu,UCLA (Anderson),0.004534,0.008469,0.000600,0.2500,0.2500,1
1047,Jue Wang,Cornell,0.004534,0.008469,0.000600,0.2500,0.2500,1
1047,Long He,UW (Foster),0.004534,0.008469,0.000600,0.2500,0.2500,1
1047,Mengzi Amy Guo,UC Berkeley (Haas),0.004534,0.008469,0.000600,0.2500,0.2500,1
1047,Omar Skali Lami,MIT,0.004534,0.008469,0.000600,0.2500,0.2500,1
1047,Roozbeh Yousefi,MIT,0.004534,0.008469,0.000600,0.2500,0.2500,1
1047,Vincent Jeanselme,UNC (Kenan-Flagler),0.004534,0.008469,0.000600,0.2500,0.2500,1
1047,Volodymyr Babich,UW (Foster),0.004534,0.008469,0.000600,0.2500,0.2500,1
1047,Xueze Song,USC (Marshall),0.004534,0.008469,0.000600,0.2500,0.2500,1
1067,Aldo Carranza,Stanford,0.004303,0.001412,0.007194,0.1111,3.0000,1
1068,Andrew Li,Carnegie Mellon (Tepper),0.004235,0.008469,0.000000,0.2500,0.0000,1
1068,Ayelet Gneezy,UC San Diego (Rady),0.004235,0.008469,0.000000,0.2500,0.0000,1
1068,Brian Rongqing Han,UIUC (Gies),0.004235,0.008469,0.000000,0.2500,0.0000,1
1068,Fan Zou,Penn State (Smeal),0.004235,0.008469,0.000000,0.2500,0.0000,1
1068,Haiyan Liu,Florida (Warrington),0.004235,0.008469,0.000000,0.2500,0.0000,1
1068,Hannah Li,Stanford,0.004235,0.008469,0.000000,0.2500,0.0000,1
1068,Khaled Saleh,Michigan (Ross),0.004235,0.008469,0.000000,0.2500,0.0000,1
1068,Kyra Gan,Cornell,0.004235,0.008469,0.000000,0.2500,0.0000,1
1068,Leif D. Nelson,UC Berkeley (Haas),0.004235,0.008469,0.000000,0.2500,0.0000,1
1068,M. Bumin Yenmez,Boston College (Carroll),0.004235,0.008469,0.000000,0.2500,0.0000,1
1068,M. Utku Ünver,Boston College (Carroll),0.004235,0.008469,0.000000,0.2500,0.0000,1
1068,Minah H. Jung,NYU (Stern),0.004235,0.008469,0.000000,0.2500,0.0000,1
1068,Parag A. Pathak,MIT,0.004235,0.008469,0.000000,0.2500,0.0000,1
1068,Ramesh Johari,Stanford,0.004235,0.008469,0.000000,0.2500,0.0000,1
1068,Sriram Venkataraman,Columbia,0.004235,0.008469,0.000000,0.2500,0.0000,1
1068,Su Jia,Cornell,0.004235,0.008469,0.000000,0.2500,0.0000,1
1068,Tayfun Sönmez,Boston College (Carroll),0.004235,0.008469,0.000000,0.2500,0.0000,1
1068,Yan Dong,Columbia,0.004235,0.008469,0.000000,0.2500,0.0000,1
1086,Cong Shi,Florida (Warrington),0.004163,0.005929,0.002398,0.2000,1.0000,1
1086,Edward McFowland,Harvard,0.004163,0.005929,0.002398,0.2000,1.0000,1
1086,Esmaeil Keyvanshokooh,Texas A&M (Mays),0.004163,0.005929,0.002398,0.2000,1.0000,1
1086,Jui Ramaprasad,Maryland (Smith),0.004163,0.005929,0.002398,0.2000,1.0000,1
1086,Mark P. Van Oyen,Michigan (Ross),0.004163,0.005929,0.002398,0.2000,1.0000,1
1086,Mohammad Zhalechian,Indiana (Kelley),0.004163,0.005929,0.002398,0.2000,1.0000,1
1092,Gui Liberali,SMU (Cox),0.003924,0.005929,0.001918,0.2000,0.8000,1
1092,Kaiqing Zhang,Maryland (Smith),0.003924,0.005929,0.001918,0.2000,0.8000,1
1092,Tamer Başar,UIUC (Gies),0.003924,0.005929,0.001918,0.2000,0.8000,1
1092,Weichao Mao,UIUC (Gies),0.003924,0.005929,0.001918,0.2000,0.8000,1
1096,Gregory M. Fischer,UC Berkeley (Haas),0.003542,0.000848,0.006235,0.1000,2.6000,1
1096,James Chu,Columbia,0.003542,0.000848,0.006235,0.1000,2.6000,1
1096,Joshua Cohen,Stanford,0.003542,0.000848,0.006235,0.1000,2.6000,1
1096,Prashant Loyalka,Columbia,0.003542,0.000848,0.006235,0.1000,2.6000,1
1100,René Caldentey,Chicago (Booth),0.003318,0.004237,0.002398,0.1667,1.0000,1
1100,Yuan Zhong,Chicago (Booth),0.003318,0.004237,0.002398,0.1667,1.0000,1
1102,Houssam Nassif,UW (Foster),0.003204,0.005929,0.000480,0.2000,0.2000,1
1102,Joseph Hong,UW (Foster),0.003204,0.005929,0.000480,0.2000,0.2000,1
1102,Michael Honig,Northwestern (Kellogg),0.003204,0.005929,0.000480,0.2000,0.2000,1
1102,Rakesh Vohra,Wharton (UPenn),0.003204,0.005929,0.000480,0.2000,0.2000,1
1102,Sareh Nabi,UW (Foster),0.003204,0.005929,0.000480,0.2000,0.2000,1
1102,Thành Nguyen,Purdue (Daniels),0.003204,0.005929,0.000480,0.2000,0.2000,1
1102,Vijay Subramanian,Michigan (Ross),0.003204,0.005929,0.000480,0.2000,0.2000,1
1102,Zhengling Qi,UW (Foster),0.003204,0.005929,0.000480,0.2000,0.2000,1
1102,Zhuoran Yang,Yale,0.003204,0.005929,0.000480,0.2000,0.2000,1
1102,Zuyue Fu,Northwestern (Kellogg),0.003204,0.005929,0.000480,0.2000,0.2000,1
1112,C. B. Bhattacharya,Wharton (UPenn),0.002964,0.005929,0.000000,0.2000,0.0000,1
1112,Chaojie Ji,UBC (Sauder),0.002964,0.005929,0.000000,0.2000,0.0000,1
1112,Chu Wang,UW (Foster),0.002964,0.005929,0.000000,0.2000,0.0000,1
1112,Damian Beil,Michigan (Ross),0.002964,0.005929,0.000000,0.2000,0.0000,1
1112,Daniel Houser,Virginia (Darden),0.002964,0.005929,0.000000,0.2000,0.0000,1
1112,Deena Kelly Costa,Yale,0.002964,0.005929,0.000000,0.2000,0.0000,1
1112,Evan Gilbertson,Wharton (UPenn),0.002964,0.005929,0.000000,0.2000,0.0000,1
1112,Guangyu Zhang,UW (Foster),0.002964,0.005929,0.000000,0.2000,0.0000,1
1112,Jiawei Li,UW (Foster),0.002964,0.005929,0.000000,0.2000,0.0000,1
1112,Jiayang Ren,UBC (Sauder),0.002964,0.005929,0.000000,0.2000,0.0000,1
1112,Kaixun Hua,UBC (Sauder),0.002964,0.005929,0.000000,0.2000,0.0000,1
1112,León Valdés,Wharton (UPenn),0.002964,0.005929,0.000000,0.2000,0.0000,1
1112,Lisa M. Maillart,Wharton (UPenn),0.002964,0.005929,0.000000,0.2000,0.0000,1
1112,Mark S. Roberts,Wharton (UPenn),0.002964,0.005929,0.000000,0.2000,0.0000,1
1112,Michael Sjoding,Michigan (Ross),0.002964,0.005929,0.000000,0.2000,0.0000,1
1112,Oleg A. Prokopyev,Wharton (UPenn),0.002964,0.005929,0.000000,0.2000,0.0000,1
1112,Oliver Hahl,Carnegie Mellon (Tepper),0.002964,0.005929,0.000000,0.2000,0.0000,1
1112,Renfei Tan,MIT,0.002964,0.005929,0.000000,0.2000,0.0000,1
1112,Samir F. Saba,Wharton (UPenn),0.002964,0.005929,0.000000,0.2000,0.0000,1
1112,Trevor Young-Hyman,Wharton (UPenn),0.002964,0.005929,0.000000,0.2000,0.0000,1
1112,Yankai Cao,UBC (Sauder),0.002964,0.005929,0.000000,0.2000,0.0000,1
1112,Yuhang Wu,UC Berkeley (Haas),0.002964,0.005929,0.000000,0.2000,0.0000,1
1112,Zuohua Zhang,UW (Foster),0.002964,0.005929,0.000000,0.2000,0.0000,1
1135,Jan Willem Lindemans,Duke (Fuqua),0.002718,0.004237,0.001199,0.1667,0.5000,1
1135,Jonathan N. Cloughesy,USC (Marshall),0.002718,0.004237,0.001199,0.1667,0.5000,1
1135,Nina Bartmann,Duke (Fuqua),0.002718,0.004237,0.001199,0.1667,0.5000,1
1138,Claire Holloway,Toronto (Rotman),0.002713,0.003028,0.002398,0.1429,1.0000,1
1138,Katharina Forster,Toronto (Rotman),0.002713,0.003028,0.002398,0.1429,1.0000,1
1138,Luciano Ieraci,Toronto (Rotman),0.002713,0.003028,0.002398,0.1429,1.0000,1
1138,Nasrin Yousefi,Toronto (Rotman),0.002713,0.003028,0.002398,0.1429,1.0000,1
1138,Yusuf Shalaby,Toronto (Rotman),0.002713,0.003028,0.002398,0.1429,1.0000,1
1143,Alisa Judy-Malcolm,Indiana (Kelley),0.002558,0.002119,0.002998,0.1250,1.2500,1
1143,Areeba Kara,Indiana (Kelley),0.002558,0.002119,0.002998,0.1250,1.2500,1
1143,Edwin C. Coe,UW (Foster),0.002558,0.002119,0.002998,0.1250,1.2500,1
1143,Jonathan E. Helm,Indiana (Kelley),0.002558,0.002119,0.002998,0.1250,1.2500,1
1143,Kurt M. Bretthauer,Indiana (Kelley),0.002558,0.002119,0.002998,0.1250,1.2500,1
1148,Andrew Caplin,NYU (Stern),0.001514,0.003028,0.000000,0.1429,0.0000,1
1148,Angela L. Duckworth,Wharton (UPenn),0.001514,0.003028,0.000000,0.1429,0.0000,1
1148,Ben Weidmann,Harvard,0.001514,0.003028,0.000000,0.1429,0.0000,1
1148,David Deming,Harvard,0.001514,0.003028,0.000000,0.1429,0.0000,1
1148,Dean Karlan,Northwestern (Kellogg),0.001514,0.003028,0.000000,0.1429,0.0000,1
1148,Erika L. Kirgios,Chicago (Booth),0.001514,0.003028,0.000000,0.1429,0.0000,1
1148,Kadachi Jiada Ye,NYU (Stern),0.001514,0.003028,0.000000,0.1429,0.0000,1
1148,Michael Luca,Johns Hopkins (Carey),0.001514,0.003028,0.000000,0.1429,0.0000,1
1148,Molly Offer-Westort,Chicago (Booth),0.001514,0.003028,0.000000,0.1429,0.0000,1
1148,Shangwen Li,NYU (Stern),0.001514,0.003028,0.000000,0.1429,0.0000,1
1158,Carey E. Priebe,Johns Hopkins (Carey),0.001399,0.000000,0.002798,0.0833,1.1667,1
1158,Christopher White,UW (Foster),0.001399,0.000000,0.002798,0.0833,1.1667,1
1158,Emily Cox Pahnke,UW (Foster),0.001399,0.000000,0.002798,0.0833,1.1667,1
1158,Fereshteh Amini,UW (Foster),0.001399,0.000000,0.002798,0.0833,1.1667,1
1158,Jeffrey Weston,UW (Foster),0.001399,0.000000,0.002798,0.0833,1.1667,1
1158,Jonathan Larson,UW (Foster),0.001399,0.000000,0.002798,0.0833,1.1667,1
1158,Joshua Vogelstein,Johns Hopkins (Carey),0.001399,0.000000,0.002798,0.0833,1.1667,1
1158,Neha Parikh Shah,UW (Foster),0.001399,0.000000,0.002798,0.0833,1.1667,1
1158,Nicholas Caurvina,UW (Foster),0.001399,0.000000,0.002798,0.0833,1.1667,1
1158,Patrick Bourke,UW (Foster),0.001399,0.000000,0.002798,0.0833,1.1667,1
1158,Tiona Zuzul,Harvard,0.001399,0.000000,0.002798,0.0833,1.1667,1
1158,Youngser Park,Johns Hopkins (Carey),0.001399,0.000000,0.002798,0.0833,1.1667,1
1170,Andreea Georgescu,MIT,0.001059,0.002119,0.000000,0.1250,0.0000,1
1170,Andrew T. Zheng,UBC (Sauder),0.001059,0.002119,0.000000,0.1250,0.0000,1
1170,Jingchen Wu,UW (Foster),0.001059,0.002119,0.000000,0.1250,0.0000,1
1170,Joshua T. Wilde,MIT,0.001059,0.002119,0.000000,0.1250,0.0000,1
1170,Omar Mouchtaki,NYU (Stern),0.001059,0.002119,0.000000,0.1250,0.0000,1
1170,Salal Humair,UW (Foster),0.001059,0.002119,0.000000,0.1250,0.0000,1
1170,Tianyi Peng,Columbia,0.001059,0.002119,0.000000,0.1250,0.0000,1
