rankings_school,year,ms_std_papers,ms_personal_papers,ms_std_citations,ms_personal_citation_weighted,or_std_papers,or_personal_papers,or_std_citations,or_personal_citation_weighted,msom_std_papers,msom_personal_papers,msom_std_citations,msom_personal_citation_weighted
MIT,2016,3.0000,5.0000,636.0000,1261.0000,10.0000,12.0000,0.0000,0.0000,3.0000,4.0000,627.0000,675.0000
MIT,2017,2.0000,3.0000,184.0000,252.0000,5.0000,5.0000,0.0000,0.0000,2.0000,2.0000,125.0000,125.0000
MIT,2018,4.0000,4.0000,71.0000,71.0000,6.0000,10.0000,0.0000,0.0000,1.0000,1.0000,212.0000,212.0000
MIT,2019,8.0000,13.0000,386.0000,658.0000,10.0000,20.0000,0.0000,0.0000,0.0000,0.0000,0.0000,0.0000
MIT,2020,6.0000,9.0000,837.0000,1097.0000,5.0000,8.0000,0.0000,0.0000,5.0000,6.0000,520.0000,633.0000
MIT,2021,16.0000,20.0000,459.0000,619.0000,6.0000,8.0000,0.0000,0.0000,5.0000,5.0000,58.0000,58.0000
MIT,2022,12.0000,15.0000,446.0000,600.0000,16.0000,21.0000,0.0000,0.0000,10.0000,15.0000,302.0000,411.0000
MIT,2023,15.0000,17.0000,286.0000,313.0000,8.0000,12.0000,0.0000,0.0000,7.0000,17.0000,102.0000,278.0000
MIT,2024,11.0000,13.0000,72.0000,80.0000,6.0000,9.0000,0.0000,0.0000,5.0000,5.0000,24.0000,24.0000
MIT,2025,21.0000,31.0000,49.0000,51.0000,12.0000,16.0000,0.0000,0.0000,12.0000,20.0000,42.0000,64.0000
MIT,2026,1.0000,1.0000,0.0000,0.0000,1.0000,1.0000,0.0000,0.0000,0.0000,0.0000,0.0000,0.0000
UT Dallas,2016,2.0000,4.0000,86.0000,236.0000,3.0000,4.0000,0.0000,0.0000,1.0000,1.0000,18.0000,18.0000
UT Dallas,2017,2.0000,2.0000,44.0000,44.0000,4.0000,6.0000,0.0000,0.0000,0.0000,0.0000,0.0000,0.0000
UT Dallas,2018,4.0000,9.0000,193.0000,364.0000,3.0000,4.0000,0.0000,0.0000,4.0000,6.0000,91.0000,155.0000
UT Dallas,2019,4.0000,4.0000,149.0000,149.0000,1.0000,1.0000,0.0000,0.0000,3.0000,4.0000,240.0000,247.0000
UT Dallas,2020,4.0000,6.0000,145.0000,211.0000,0.0000,0.0000,0.0000,0.0000,4.0000,7.0000,342.0000,588.0000
UT Dallas,2021,4.0000,5.0000,54.0000,61.0000,3.0000,5.0000,0.0000,0.0000,3.0000,5.0000,58.0000,122.0000
UT Dallas,2022,6.0000,10.0000,120.0000,236.0000,4.0000,8.0000,0.0000,0.0000,9.0000,10.0000,433.0000,460.0000
UT Dallas,2023,4.0000,6.0000,179.0000,221.0000,3.0000,3.0000,0.0000,0.0000,5.0000,8.0000,63.0000,90.0000
UT Dallas,2024,5.0000,6.0000,111.0000,115.0000,11.0000,17.0000,0.0000,0.0000,10.0000,14.0000,114.0000,130.0000
UT Dallas,2025,7.0000,9.0000,4.0000,6.0000,7.0000,12.0000,0.0000,0.0000,10.0000,13.0000,15.0000,15.0000
UT Dallas,2026,1.0000,1.0000,0.0000,0.0000,0.0000,0.0000,0.0000,0.0000,2.0000,3.0000,0.0000,0.0000
Columbia,2016,2.0000,2.0000,105.0000,105.0000,5.0000,7.0000,0.0000,0.0000,1.0000,1.0000,85.0000,85.0000
Columbia,2017,3.0000,3.0000,288.0000,288.0000,4.0000,6.0000,0.0000,0.0000,0.0000,0.0000,0.0000,0.0000
Columbia,2018,3.0000,5.0000,105.0000,215.0000,6.0000,7.0000,0.0000,0.0000,1.0000,3.0000,43.0000,129.0000
Columbia,2019,4.0000,5.0000,228.0000,281.0000,7.0000,10.0000,0.0000,0.0000,2.0000,2.0000,104.0000,104.0000
Columbia,2020,6.0000,9.0000,244.0000,353.0000,3.0000,3.0000,0.0000,0.0000,0.0000,0.0000,0.0000,0.0000
Columbia,2021,6.0000,6.0000,390.0000,390.0000,8.0000,9.0000,0.0000,0.0000,2.0000,3.0000,70.0000,128.0000
Columbia,2022,3.0000,5.0000,55.0000,123.0000,8.0000,9.0000,0.0000,0.0000,0.0000,0.0000,0.0000,0.0000
Columbia,2023,6.0000,6.0000,133.0000,133.0000,7.0000,8.0000,0.0000,0.0000,3.0000,3.0000,107.0000,107.0000
Columbia,2024,6.0000,6.0000,80.0000,80.0000,6.0000,9.0000,0.0000,0.0000,2.0000,2.0000,11.0000,11.0000
Columbia,2025,6.0000,7.0000,17.0000,29.0000,13.0000,23.0000,0.0000,0.0000,5.0000,6.0000,19.0000,23.0000
Columbia,2026,1.0000,1.0000,1.0000,1.0000,3.0000,3.0000,0.0000,0.0000,0.0000,0.0000,0.0000,0.0000
UPenn (Wharton),2016,2.0000,2.0000,637.0000,637.0000,1.0000,1.0000,0.0000,0.0000,0.0000,0.0000,0.0000,0.0000
UPenn (Wharton),2017,4.0000,5.0000,525.0000,620.0000,0.0000,0.0000,0.0000,0.0000,3.0000,4.0000,1232.0000,1670.0000
UPenn (Wharton),2018,7.0000,9.0000,1005.0000,1318.0000,0.0000,0.0000,0.0000,0.0000,3.0000,3.0000,143.0000,143.0000
UPenn (Wharton),2019,5.0000,5.0000,411.0000,411.0000,2.0000,3.0000,0.0000,0.0000,4.0000,6.0000,215.0000,358.0000
UPenn (Wharton),2020,7.0000,7.0000,1148.0000,1148.0000,2.0000,2.0000,0.0000,0.0000,9.0000,11.0000,651.0000,769.0000
UPenn (Wharton),2021,5.0000,6.0000,270.0000,451.0000,2.0000,2.0000,0.0000,0.0000,4.0000,8.0000,99.0000,177.0000
UPenn (Wharton),2022,9.0000,13.0000,253.0000,355.0000,2.0000,2.0000,0.0000,0.0000,5.0000,5.0000,142.0000,142.0000
UPenn (Wharton),2023,4.0000,6.0000,89.0000,157.0000,1.0000,1.0000,0.0000,0.0000,6.0000,9.0000,167.0000,241.0000
UPenn (Wharton),2024,7.0000,8.0000,57.0000,60.0000,3.0000,7.0000,0.0000,0.0000,3.0000,3.0000,23.0000,23.0000
UPenn (Wharton),2025,4.0000,5.0000,11.0000,11.0000,4.0000,5.0000,0.0000,0.0000,8.0000,11.0000,25.0000,30.0000
UPenn (Wharton),2026,2.0000,2.0000,8.0000,8.0000,2.0000,2.0000,0.0000,0.0000,0.0000,0.0000,0.0000,0.0000
Toronto (Rotman),2016,3.0000,4.0000,236.0000,363.0000,2.0000,2.0000,0.0000,0.0000,0.0000,0.0000,0.0000,0.0000
Toronto (Rotman),2017,1.0000,1.0000,68.0000,68.0000,0.0000,0.0000,0.0000,0.0000,5.0000,8.0000,210.0000,334.0000
Toronto (Rotman),2018,2.0000,2.0000,160.0000,160.0000,1.0000,1.0000,0.0000,0.0000,1.0000,2.0000,46.0000,92.0000
Toronto (Rotman),2019,3.0000,4.0000,223.0000,248.0000,2.0000,4.0000,0.0000,0.0000,0.0000,0.0000,0.0000,0.0000
Toronto (Rotman),2020,2.0000,3.0000,55.0000,73.0000,2.0000,2.0000,0.0000,0.0000,2.0000,2.0000,399.0000,399.0000
Toronto (Rotman),2021,5.0000,5.0000,389.0000,389.0000,5.0000,5.0000,0.0000,0.0000,2.0000,2.0000,29.0000,29.0000
Toronto (Rotman),2022,5.0000,5.0000,337.0000,337.0000,2.0000,4.0000,0.0000,0.0000,9.0000,11.0000,381.0000,477.0000
Toronto (Rotman),2023,1.0000,1.0000,36.0000,36.0000,4.0000,4.0000,0.0000,0.0000,5.0000,5.0000,282.0000,282.0000
Toronto (Rotman),2024,4.0000,4.0000,73.0000,73.0000,6.0000,6.0000,0.0000,0.0000,4.0000,5.0000,7.0000,8.0000
Toronto (Rotman),2025,5.0000,5.0000,4.0000,4.0000,4.0000,5.0000,0.0000,0.0000,5.0000,9.0000,7.0000,8.0000
Toronto (Rotman),2026,0.0000,0.0000,0.0000,0.0000,2.0000,2.0000,0.0000,0.0000,1.0000,1.0000,5.0000,5.0000
NYU (Stern),2016,4.0000,7.0000,432.0000,845.0000,2.0000,3.0000,0.0000,0.0000,0.0000,0.0000,0.0000,0.0000
NYU (Stern),2017,3.0000,3.0000,261.0000,261.0000,6.0000,8.0000,0.0000,0.0000,2.0000,2.0000,142.0000,142.0000
NYU (Stern),2018,1.0000,2.0000,97.0000,194.0000,2.0000,2.0000,0.0000,0.0000,1.0000,1.0000,50.0000,50.0000
NYU (Stern),2019,4.0000,4.0000,186.0000,186.0000,2.0000,2.0000,0.0000,0.0000,0.0000,0.0000,0.0000,0.0000
NYU (Stern),2020,4.0000,5.0000,279.0000,341.0000,2.0000,2.0000,0.0000,0.0000,1.0000,1.0000,22.0000,22.0000
NYU (Stern),2021,3.0000,4.0000,300.0000,424.0000,5.0000,5.0000,0.0000,0.0000,2.0000,2.0000,243.0000,243.0000
NYU (Stern),2022,1.0000,1.0000,73.0000,73.0000,4.0000,4.0000,0.0000,0.0000,3.0000,4.0000,66.0000,79.0000
NYU (Stern),2023,2.0000,3.0000,34.0000,53.0000,4.0000,4.0000,0.0000,0.0000,3.0000,3.0000,49.0000,49.0000
NYU (Stern),2024,4.0000,5.0000,32.0000,44.0000,7.0000,7.0000,0.0000,0.0000,6.0000,6.0000,96.0000,96.0000
NYU (Stern),2025,4.0000,4.0000,7.0000,7.0000,11.0000,12.0000,0.0000,0.0000,4.0000,4.0000,10.0000,10.0000
NYU (Stern),2026,1.0000,1.0000,0.0000,0.0000,3.0000,4.0000,0.0000,0.0000,1.0000,1.0000,0.0000,0.0000
Harvard,2016,1.0000,1.0000,391.0000,391.0000,0.0000,0.0000,0.0000,0.0000,4.0000,6.0000,634.0000,764.0000
Harvard,2017,3.0000,4.0000,93.0000,93.0000,0.0000,0.0000,0.0000,0.0000,1.0000,1.0000,2.0000,2.0000
Harvard,2018,2.0000,3.0000,238.0000,410.0000,2.0000,2.0000,0.0000,0.0000,1.0000,1.0000,152.0000,152.0000
Harvard,2019,1.0000,1.0000,58.0000,58.0000,0.0000,0.0000,0.0000,0.0000,1.0000,1.0000,25.0000,25.0000
Harvard,2020,2.0000,2.0000,157.0000,157.0000,0.0000,0.0000,0.0000,0.0000,0.0000,0.0000,0.0000,0.0000
Harvard,2021,5.0000,6.0000,148.0000,174.0000,0.0000,0.0000,0.0000,0.0000,1.0000,2.0000,102.0000,204.0000
Harvard,2022,3.0000,5.0000,128.0000,218.0000,3.0000,3.0000,0.0000,0.0000,3.0000,3.0000,274.0000,274.0000
Harvard,2023,2.0000,2.0000,48.0000,48.0000,1.0000,1.0000,0.0000,0.0000,2.0000,2.0000,46.0000,46.0000
Harvard,2024,2.0000,2.0000,30.0000,30.0000,1.0000,1.0000,0.0000,0.0000,1.0000,1.0000,8.0000,8.0000
Harvard,2025,4.0000,4.0000,21.0000,21.0000,3.0000,3.0000,0.0000,0.0000,2.0000,3.0000,1.0000,1.0000
Harvard,2026,0.0000,0.0000,0.0000,0.0000,0.0000,0.0000,0.0000,0.0000,0.0000,0.0000,0.0000,0.0000
Duke (Fuqua),2016,2.0000,3.0000,347.0000,408.0000,3.0000,3.0000,0.0000,0.0000,1.0000,1.0000,57.0000,57.0000
Duke (Fuqua),2017,3.0000,4.0000,301.0000,319.0000,9.0000,11.0000,0.0000,0.0000,1.0000,1.0000,44.0000,44.0000
Duke (Fuqua),2018,3.0000,3.0000,145.0000,145.0000,3.0000,4.0000,0.0000,0.0000,0.0000,0.0000,0.0000,0.0000
Duke (Fuqua),2019,1.0000,2.0000,14.0000,28.0000,6.0000,8.0000,0.0000,0.0000,2.0000,2.0000,164.0000,164.0000
Duke (Fuqua),2020,4.0000,5.0000,232.0000,260.0000,3.0000,4.0000,0.0000,0.0000,5.0000,5.0000,249.0000,249.0000
Duke (Fuqua),2021,2.0000,2.0000,94.0000,94.0000,4.0000,4.0000,0.0000,0.0000,2.0000,4.0000,361.0000,722.0000
Duke (Fuqua),2022,5.0000,10.0000,253.0000,501.0000,9.0000,11.0000,0.0000,0.0000,6.0000,7.0000,200.0000,276.0000
Duke (Fuqua),2023,2.0000,4.0000,149.0000,185.0000,5.0000,7.0000,0.0000,0.0000,6.0000,8.0000,129.0000,157.0000
Duke (Fuqua),2024,4.0000,5.0000,23.0000,28.0000,7.0000,8.0000,0.0000,0.0000,1.0000,1.0000,8.0000,8.0000
Duke (Fuqua),2025,3.0000,7.0000,59.0000,155.0000,8.0000,8.0000,0.0000,0.0000,1.0000,1.0000,0.0000,0.0000
Duke (Fuqua),2026,0.0000,0.0000,0.0000,0.0000,2.0000,4.0000,0.0000,0.0000,3.0000,4.0000,0.0000,0.0000
Cornell,2016,1.0000,1.0000,153.0000,153.0000,0.0000,0.0000,0.0000,0.0000,2.0000,2.0000,71.0000,71.0000
Cornell,2017,1.0000,1.0000,25.0000,25.0000,2.0000,2.0000,0.0000,0.0000,2.0000,2.0000,111.0000,111.0000
Cornell,2018,2.0000,2.0000,103.0000,103.0000,0.0000,0.0000,0.0000,0.0000,3.0000,3.0000,230.0000,230.0000
Cornell,2019,2.0000,2.0000,100.0000,100.0000,0.0000,0.0000,0.0000,0.0000,0.0000,0.0000,0.0000,0.0000
Cornell,2020,0.0000,0.0000,0.0000,0.0000,0.0000,0.0000,0.0000,0.0000,2.0000,2.0000,107.0000,107.0000
Cornell,2021,4.0000,5.0000,200.0000,229.0000,0.0000,0.0000,0.0000,0.0000,4.0000,4.0000,163.0000,163.0000
Cornell,2022,4.0000,5.0000,79.0000,104.0000,0.0000,0.0000,0.0000,0.0000,4.0000,4.0000,122.0000,122.0000
Cornell,2023,4.0000,5.0000,194.0000,310.0000,0.0000,0.0000,0.0000,0.0000,2.0000,2.0000,137.0000,137.0000
Cornell,2024,2.0000,3.0000,149.0000,289.0000,1.0000,1.0000,0.0000,0.0000,3.0000,3.0000,29.0000,29.0000
Cornell,2025,7.0000,7.0000,14.0000,14.0000,2.0000,2.0000,0.0000,0.0000,2.0000,2.0000,3.0000,3.0000
Cornell,2026,0.0000,0.0000,0.0000,0.0000,0.0000,0.0000,0.0000,0.0000,0.0000,0.0000,0.0000,0.0000
WashU (Olin),2016,1.0000,1.0000,336.0000,336.0000,0.0000,0.0000,0.0000,0.0000,1.0000,1.0000,106.0000,106.0000
WashU (Olin),2017,0.0000,0.0000,0.0000,0.0000,1.0000,1.0000,0.0000,0.0000,2.0000,2.0000,123.0000,123.0000
WashU (Olin),2018,2.0000,3.0000,207.0000,229.0000,2.0000,2.0000,0.0000,0.0000,7.0000,8.0000,868.0000,912.0000
WashU (Olin),2019,3.0000,4.0000,256.0000,347.0000,2.0000,2.0000,0.0000,0.0000,2.0000,3.0000,74.0000,95.0000
WashU (Olin),2020,1.0000,1.0000,287.0000,287.0000,0.0000,0.0000,0.0000,0.0000,2.0000,3.0000,152.0000,268.0000
WashU (Olin),2021,2.0000,2.0000,236.0000,236.0000,0.0000,0.0000,0.0000,0.0000,5.0000,9.0000,378.0000,688.0000
WashU (Olin),2022,1.0000,1.0000,144.0000,144.0000,3.0000,4.0000,0.0000,0.0000,10.0000,13.0000,629.0000,795.0000
WashU (Olin),2023,3.0000,3.0000,267.0000,267.0000,0.0000,0.0000,0.0000,0.0000,5.0000,6.0000,58.0000,66.0000
WashU (Olin),2024,2.0000,2.0000,13.0000,13.0000,2.0000,2.0000,0.0000,0.0000,2.0000,2.0000,24.0000,24.0000
WashU (Olin),2025,4.0000,5.0000,27.0000,38.0000,0.0000,0.0000,0.0000,0.0000,5.0000,5.0000,11.0000,11.0000
WashU (Olin),2026,0.0000,0.0000,0.0000,0.0000,0.0000,0.0000,0.0000,0.0000,1.0000,1.0000,0.0000,0.0000
Chicago (Booth),2016,2.0000,3.0000,238.0000,263.0000,0.0000,0.0000,0.0000,0.0000,1.0000,1.0000,9.0000,9.0000
Chicago (Booth),2017,3.0000,4.0000,326.0000,386.0000,5.0000,6.0000,0.0000,0.0000,2.0000,2.0000,18.0000,18.0000
Chicago (Booth),2018,2.0000,2.0000,517.0000,517.0000,3.0000,4.0000,0.0000,0.0000,0.0000,0.0000,0.0000,0.0000
Chicago (Booth),2019,3.0000,3.0000,232.0000,232.0000,8.0000,8.0000,0.0000,0.0000,0.0000,0.0000,0.0000,0.0000
Chicago (Booth),2020,2.0000,3.0000,95.0000,162.0000,6.0000,6.0000,0.0000,0.0000,1.0000,1.0000,19.0000,19.0000
Chicago (Booth),2021,2.0000,3.0000,82.0000,107.0000,4.0000,4.0000,0.0000,0.0000,3.0000,5.0000,42.0000,42.0000
Chicago (Booth),2022,2.0000,2.0000,92.0000,92.0000,7.0000,8.0000,0.0000,0.0000,1.0000,1.0000,7.0000,7.0000
Chicago (Booth),2023,3.0000,3.0000,31.0000,31.0000,5.0000,5.0000,0.0000,0.0000,4.0000,4.0000,108.0000,108.0000
Chicago (Booth),2024,3.0000,6.0000,21.0000,39.0000,8.0000,11.0000,0.0000,0.0000,2.0000,2.0000,13.0000,13.0000
Chicago (Booth),2025,10.0000,14.0000,30.0000,41.0000,7.0000,14.0000,0.0000,0.0000,0.0000,0.0000,0.0000,0.0000
Chicago (Booth),2026,0.0000,0.0000,0.0000,0.0000,1.0000,2.0000,0.0000,0.0000,0.0000,0.0000,0.0000,0.0000
USC (Marshall),2016,2.0000,2.0000,121.0000,121.0000,2.0000,2.0000,0.0000,0.0000,0.0000,0.0000,0.0000,0.0000
USC (Marshall),2017,2.0000,2.0000,208.0000,208.0000,1.0000,2.0000,0.0000,0.0000,0.0000,0.0000,0.0000,0.0000
USC (Marshall),2018,2.0000,2.0000,138.0000,138.0000,2.0000,3.0000,0.0000,0.0000,2.0000,4.0000,63.0000,126.0000
USC (Marshall),2019,2.0000,2.0000,149.0000,149.0000,3.0000,3.0000,0.0000,0.0000,0.0000,0.0000,0.0000,0.0000
USC (Marshall),2020,5.0000,7.0000,268.0000,306.0000,3.0000,4.0000,0.0000,0.0000,2.0000,4.0000,67.0000,134.0000
USC (Marshall),2021,7.0000,10.0000,407.0000,609.0000,7.0000,7.0000,0.0000,0.0000,1.0000,1.0000,19.0000,19.0000
USC (Marshall),2022,4.0000,4.0000,43.0000,43.0000,1.0000,1.0000,0.0000,0.0000,3.0000,3.0000,67.0000,67.0000
USC (Marshall),2023,3.0000,3.0000,39.0000,39.0000,2.0000,3.0000,0.0000,0.0000,1.0000,1.0000,8.0000,8.0000
USC (Marshall),2024,0.0000,0.0000,0.0000,0.0000,3.0000,5.0000,0.0000,0.0000,1.0000,1.0000,56.0000,56.0000
USC (Marshall),2025,3.0000,3.0000,9.0000,9.0000,4.0000,4.0000,0.0000,0.0000,2.0000,3.0000,15.0000,17.0000
USC (Marshall),2026,0.0000,0.0000,0.0000,0.0000,1.0000,1.0000,0.0000,0.0000,1.0000,1.0000,0.0000,0.0000
Michigan (Ross),2016,3.0000,6.0000,371.0000,619.0000,1.0000,1.0000,0.0000,0.0000,0.0000,0.0000,0.0000,0.0000
Michigan (Ross),2017,0.0000,0.0000,0.0000,0.0000,1.0000,2.0000,0.0000,0.0000,0.0000,0.0000,0.0000,0.0000
Michigan (Ross),2018,7.0000,11.0000,589.0000,840.0000,1.0000,2.0000,0.0000,0.0000,5.0000,9.0000,278.0000,583.0000
Michigan (Ross),2019,3.0000,4.0000,89.0000,131.0000,2.0000,2.0000,0.0000,0.0000,2.0000,4.0000,149.0000,229.0000
Michigan (Ross),2020,2.0000,2.0000,416.0000,416.0000,2.0000,2.0000,0.0000,0.0000,1.0000,1.0000,23.0000,23.0000
Michigan (Ross),2021,2.0000,4.0000,167.0000,399.0000,4.0000,6.0000,0.0000,0.0000,3.0000,5.0000,77.0000,143.0000
Michigan (Ross),2022,8.0000,12.0000,184.0000,284.0000,5.0000,8.0000,0.0000,0.0000,9.0000,12.0000,178.0000,240.0000
Michigan (Ross),2023,5.0000,7.0000,77.0000,114.0000,0.0000,0.0000,0.0000,0.0000,5.0000,8.0000,82.0000,111.0000
Michigan (Ross),2024,3.0000,3.0000,113.0000,113.0000,3.0000,3.0000,0.0000,0.0000,3.0000,5.0000,35.0000,61.0000
Michigan (Ross),2025,4.0000,7.0000,9.0000,12.0000,5.0000,5.0000,0.0000,0.0000,3.0000,5.0000,0.0000,0.0000
Michigan (Ross),2026,0.0000,0.0000,0.0000,0.0000,0.0000,0.0000,0.0000,0.0000,0.0000,0.0000,0.0000,0.0000
UCLA (Anderson),2016,1.0000,2.0000,82.0000,164.0000,1.0000,1.0000,0.0000,0.0000,3.0000,5.0000,74.0000,107.0000
UCLA (Anderson),2017,2.0000,3.0000,74.0000,134.0000,3.0000,3.0000,0.0000,0.0000,1.0000,1.0000,9.0000,9.0000
UCLA (Anderson),2018,2.0000,2.0000,585.0000,585.0000,2.0000,2.0000,0.0000,0.0000,4.0000,6.0000,729.0000,1023.0000
UCLA (Anderson),2019,2.0000,2.0000,182.0000,182.0000,4.0000,6.0000,0.0000,0.0000,5.0000,5.0000,848.0000,848.0000
UCLA (Anderson),2020,1.0000,1.0000,200.0000,200.0000,2.0000,2.0000,0.0000,0.0000,6.0000,8.0000,555.0000,569.0000
UCLA (Anderson),2021,2.0000,2.0000,217.0000,217.0000,0.0000,0.0000,0.0000,0.0000,2.0000,2.0000,72.0000,72.0000
UCLA (Anderson),2022,6.0000,7.0000,94.0000,140.0000,1.0000,1.0000,0.0000,0.0000,11.0000,15.0000,419.0000,517.0000
UCLA (Anderson),2023,4.0000,4.0000,96.0000,96.0000,0.0000,0.0000,0.0000,0.0000,3.0000,3.0000,72.0000,72.0000
UCLA (Anderson),2024,2.0000,2.0000,12.0000,12.0000,2.0000,3.0000,0.0000,0.0000,7.0000,7.0000,183.0000,183.0000
UCLA (Anderson),2025,8.0000,13.0000,34.0000,37.0000,1.0000,1.0000,0.0000,0.0000,4.0000,4.0000,10.0000,10.0000
UCLA (Anderson),2026,1.0000,1.0000,0.0000,0.0000,2.0000,2.0000,0.0000,0.0000,1.0000,1.0000,0.0000,0.0000
Northwestern (Kellogg),2016,2.0000,4.0000,147.0000,333.0000,0.0000,0.0000,0.0000,0.0000,2.0000,3.0000,75.0000,127.0000
Northwestern (Kellogg),2017,2.0000,3.0000,278.0000,506.0000,0.0000,0.0000,0.0000,0.0000,1.0000,1.0000,85.0000,85.0000
Northwestern (Kellogg),2018,1.0000,1.0000,26.0000,26.0000,1.0000,1.0000,0.0000,0.0000,0.0000,0.0000,0.0000,0.0000
Northwestern (Kellogg),2019,9.0000,9.0000,482.0000,482.0000,2.0000,2.0000,0.0000,0.0000,3.0000,4.0000,173.0000,249.0000
Northwestern (Kellogg),2020,2.0000,2.0000,157.0000,157.0000,1.0000,1.0000,0.0000,0.0000,3.0000,4.0000,155.0000,166.0000
Northwestern (Kellogg),2021,4.0000,4.0000,98.0000,98.0000,2.0000,2.0000,0.0000,0.0000,1.0000,1.0000,55.0000,55.0000
Northwestern (Kellogg),2022,4.0000,4.0000,225.0000,225.0000,1.0000,1.0000,0.0000,0.0000,5.0000,5.0000,219.0000,219.0000
Northwestern (Kellogg),2023,0.0000,0.0000,0.0000,0.0000,0.0000,0.0000,0.0000,0.0000,4.0000,4.0000,73.0000,73.0000
Northwestern (Kellogg),2024,1.0000,1.0000,22.0000,22.0000,3.0000,3.0000,0.0000,0.0000,2.0000,3.0000,17.0000,19.0000
Northwestern (Kellogg),2025,3.0000,4.0000,2.0000,3.0000,5.0000,6.0000,0.0000,0.0000,0.0000,0.0000,0.0000,0.0000
Northwestern (Kellogg),2026,1.0000,1.0000,0.0000,0.0000,1.0000,1.0000,0.0000,0.0000,0.0000,0.0000,0.0000,0.0000
Stanford,2016,3.0000,4.0000,754.0000,1145.0000,3.0000,3.0000,0.0000,0.0000,4.0000,7.0000,666.0000,1062.0000
Stanford,2017,4.0000,4.0000,355.0000,355.0000,1.0000,1.0000,0.0000,0.0000,0.0000,0.0000,0.0000,0.0000
Stanford,2018,4.0000,5.0000,656.0000,742.0000,6.0000,7.0000,0.0000,0.0000,1.0000,1.0000,92.0000,92.0000
Stanford,2019,5.0000,5.0000,442.0000,442.0000,3.0000,4.0000,0.0000,0.0000,2.0000,3.0000,83.0000,161.0000
Stanford,2020,3.0000,3.0000,258.0000,258.0000,2.0000,2.0000,0.0000,0.0000,5.0000,6.0000,394.0000,487.0000
Stanford,2021,6.0000,9.0000,75.0000,86.0000,2.0000,3.0000,0.0000,0.0000,3.0000,3.0000,59.0000,59.0000
Stanford,2022,3.0000,3.0000,28.0000,28.0000,4.0000,6.0000,0.0000,0.0000,1.0000,1.0000,33.0000,33.0000
Stanford,2023,1.0000,1.0000,37.0000,37.0000,3.0000,5.0000,0.0000,0.0000,1.0000,1.0000,27.0000,27.0000
Stanford,2024,5.0000,8.0000,61.0000,79.0000,2.0000,4.0000,0.0000,0.0000,0.0000,0.0000,0.0000,0.0000
Stanford,2025,3.0000,3.0000,12.0000,12.0000,3.0000,3.0000,0.0000,0.0000,0.0000,0.0000,0.0000,0.0000
Stanford,2026,0.0000,0.0000,0.0000,0.0000,0.0000,0.0000,0.0000,0.0000,0.0000,0.0000,0.0000,0.0000
Minnesota (Carlson),2016,1.0000,2.0000,162.0000,324.0000,0.0000,0.0000,0.0000,0.0000,0.0000,0.0000,0.0000,0.0000
Minnesota (Carlson),2017,1.0000,1.0000,124.0000,124.0000,0.0000,0.0000,0.0000,0.0000,2.0000,2.0000,156.0000,156.0000
Minnesota (Carlson),2018,3.0000,3.0000,256.0000,256.0000,0.0000,0.0000,0.0000,0.0000,0.0000,0.0000,0.0000,0.0000
Minnesota (Carlson),2019,2.0000,3.0000,160.0000,188.0000,0.0000,0.0000,0.0000,0.0000,1.0000,3.0000,38.0000,114.0000
Minnesota (Carlson),2020,0.0000,0.0000,0.0000,0.0000,0.0000,0.0000,0.0000,0.0000,3.0000,3.0000,318.0000,318.0000
Minnesota (Carlson),2021,0.0000,0.0000,0.0000,0.0000,0.0000,0.0000,0.0000,0.0000,3.0000,4.0000,125.0000,135.0000
Minnesota (Carlson),2022,3.0000,3.0000,53.0000,53.0000,0.0000,0.0000,0.0000,0.0000,3.0000,5.0000,68.0000,76.0000
Minnesota (Carlson),2023,1.0000,1.0000,5.0000,5.0000,0.0000,0.0000,0.0000,0.0000,1.0000,1.0000,24.0000,24.0000
Minnesota (Carlson),2024,1.0000,3.0000,15.0000,45.0000,0.0000,0.0000,0.0000,0.0000,1.0000,3.0000,4.0000,12.0000
Minnesota (Carlson),2025,2.0000,3.0000,0.0000,0.0000,0.0000,0.0000,0.0000,0.0000,2.0000,2.0000,4.0000,4.0000
Minnesota (Carlson),2026,2.0000,2.0000,6.0000,6.0000,0.0000,0.0000,0.0000,0.0000,0.0000,0.0000,0.0000,0.0000
Purdue (Daniels),2016,1.0000,1.0000,181.0000,181.0000,2.0000,2.0000,0.0000,0.0000,1.0000,2.0000,10.0000,20.0000
Purdue (Daniels),2017,1.0000,1.0000,31.0000,31.0000,2.0000,2.0000,0.0000,0.0000,0.0000,0.0000,0.0000,0.0000
Purdue (Daniels),2018,1.0000,1.0000,100.0000,100.0000,2.0000,4.0000,0.0000,0.0000,1.0000,1.0000,107.0000,107.0000
Purdue (Daniels),2019,1.0000,3.0000,43.0000,129.0000,1.0000,1.0000,0.0000,0.0000,2.0000,2.0000,110.0000,110.0000
Purdue (Daniels),2020,2.0000,3.0000,49.0000,97.0000,0.0000,0.0000,0.0000,0.0000,5.0000,5.0000,254.0000,254.0000
Purdue (Daniels),2021,0.0000,0.0000,0.0000,0.0000,1.0000,1.0000,0.0000,0.0000,2.0000,2.0000,59.0000,59.0000
Purdue (Daniels),2022,6.0000,8.0000,192.0000,216.0000,1.0000,2.0000,0.0000,0.0000,1.0000,1.0000,24.0000,24.0000
Purdue (Daniels),2023,0.0000,0.0000,0.0000,0.0000,0.0000,0.0000,0.0000,0.0000,2.0000,2.0000,29.0000,29.0000
Purdue (Daniels),2024,3.0000,4.0000,68.0000,106.0000,2.0000,2.0000,0.0000,0.0000,3.0000,3.0000,18.0000,18.0000
Purdue (Daniels),2025,3.0000,4.0000,0.0000,0.0000,5.0000,6.0000,0.0000,0.0000,2.0000,2.0000,8.0000,8.0000
Purdue (Daniels),2026,0.0000,0.0000,0.0000,0.0000,2.0000,3.0000,0.0000,0.0000,1.0000,1.0000,0.0000,0.0000
Indiana (Kelley),2016,0.0000,0.0000,0.0000,0.0000,0.0000,0.0000,0.0000,0.0000,0.0000,0.0000,0.0000,0.0000
Indiana (Kelley),2017,1.0000,1.0000,124.0000,124.0000,0.0000,0.0000,0.0000,0.0000,3.0000,3.0000,170.0000,170.0000
Indiana (Kelley),2018,3.0000,3.0000,311.0000,311.0000,1.0000,1.0000,0.0000,0.0000,0.0000,0.0000,0.0000,0.0000
Indiana (Kelley),2019,0.0000,0.0000,0.0000,0.0000,0.0000,0.0000,0.0000,0.0000,0.0000,0.0000,0.0000,0.0000
Indiana (Kelley),2020,1.0000,1.0000,55.0000,55.0000,2.0000,2.0000,0.0000,0.0000,3.0000,4.0000,114.0000,135.0000
Indiana (Kelley),2021,2.0000,2.0000,188.0000,188.0000,2.0000,2.0000,0.0000,0.0000,1.0000,1.0000,66.0000,66.0000
Indiana (Kelley),2022,4.0000,5.0000,302.0000,448.0000,1.0000,1.0000,0.0000,0.0000,5.0000,8.0000,162.0000,233.0000
Indiana (Kelley),2023,3.0000,4.0000,83.0000,93.0000,2.0000,2.0000,0.0000,0.0000,4.0000,4.0000,115.0000,115.0000
Indiana (Kelley),2024,4.0000,4.0000,112.0000,112.0000,0.0000,0.0000,0.0000,0.0000,3.0000,5.0000,16.0000,28.0000
Indiana (Kelley),2025,5.0000,5.0000,10.0000,10.0000,1.0000,1.0000,0.0000,0.0000,7.0000,7.0000,17.0000,17.0000
Indiana (Kelley),2026,2.0000,2.0000,5.0000,5.0000,0.0000,0.0000,0.0000,0.0000,1.0000,1.0000,0.0000,0.0000
Boston U (Questrom),2016,0.0000,0.0000,0.0000,0.0000,0.0000,0.0000,0.0000,0.0000,0.0000,0.0000,0.0000,0.0000
Boston U (Questrom),2017,1.0000,1.0000,212.0000,212.0000,1.0000,1.0000,0.0000,0.0000,0.0000,0.0000,0.0000,0.0000
Boston U (Questrom),2018,2.0000,2.0000,239.0000,239.0000,0.0000,0.0000,0.0000,0.0000,0.0000,0.0000,0.0000,0.0000
Boston U (Questrom),2019,0.0000,0.0000,0.0000,0.0000,1.0000,1.0000,0.0000,0.0000,0.0000,0.0000,0.0000,0.0000
Boston U (Questrom),2020,1.0000,1.0000,106.0000,106.0000,1.0000,1.0000,0.0000,0.0000,0.0000,0.0000,0.0000,0.0000
Boston U (Questrom),2021,0.0000,0.0000,0.0000,0.0000,0.0000,0.0000,0.0000,0.0000,1.0000,1.0000,21.0000,21.0000
Boston U (Questrom),2022,4.0000,5.0000,94.0000,139.0000,0.0000,0.0000,0.0000,0.0000,3.0000,3.0000,138.0000,138.0000
Boston U (Questrom),2023,4.0000,4.0000,194.0000,194.0000,2.0000,2.0000,0.0000,0.0000,0.0000,0.0000,0.0000,0.0000
Boston U (Questrom),2024,3.0000,4.0000,51.0000,63.0000,1.0000,1.0000,0.0000,0.0000,1.0000,1.0000,3.0000,3.0000
Boston U (Questrom),2025,3.0000,3.0000,4.0000,4.0000,1.0000,1.0000,0.0000,0.0000,2.0000,3.0000,1.0000,2.0000
Boston U (Questrom),2026,0.0000,0.0000,0.0000,0.0000,0.0000,0.0000,0.0000,0.0000,0.0000,0.0000,0.0000,0.0000
UNC (Kenan-Flagler),2016,0.0000,0.0000,0.0000,0.0000,0.0000,0.0000,0.0000,0.0000,2.0000,3.0000,183.0000,239.0000
UNC (Kenan-Flagler),2017,2.0000,2.0000,75.0000,75.0000,3.0000,3.0000,0.0000,0.0000,3.0000,3.0000,179.0000,179.0000
UNC (Kenan-Flagler),2018,2.0000,2.0000,162.0000,162.0000,1.0000,2.0000,0.0000,0.0000,1.0000,2.0000,61.0000,122.0000
UNC (Kenan-Flagler),2019,2.0000,2.0000,177.0000,177.0000,1.0000,1.0000,0.0000,0.0000,5.0000,6.0000,470.0000,583.0000
UNC (Kenan-Flagler),2020,2.0000,3.0000,95.0000,111.0000,1.0000,1.0000,0.0000,0.0000,5.0000,9.0000,151.0000,252.0000
UNC (Kenan-Flagler),2021,3.0000,5.0000,106.0000,180.0000,1.0000,1.0000,0.0000,0.0000,3.0000,4.0000,93.0000,130.0000
UNC (Kenan-Flagler),2022,2.0000,2.0000,76.0000,76.0000,1.0000,1.0000,0.0000,0.0000,2.0000,2.0000,16.0000,16.0000
UNC (Kenan-Flagler),2023,1.0000,3.0000,44.0000,132.0000,1.0000,1.0000,0.0000,0.0000,3.0000,5.0000,127.0000,163.0000
UNC (Kenan-Flagler),2024,1.0000,1.0000,9.0000,9.0000,1.0000,4.0000,0.0000,0.0000,1.0000,1.0000,0.0000,0.0000
UNC (Kenan-Flagler),2025,2.0000,3.0000,4.0000,4.0000,1.0000,1.0000,0.0000,0.0000,4.0000,4.0000,19.0000,19.0000
UNC (Kenan-Flagler),2026,1.0000,1.0000,1.0000,1.0000,1.0000,1.0000,0.0000,0.0000,2.0000,3.0000,0.0000,0.0000
Georgia Tech (Scheller),2016,2.0000,3.0000,183.0000,308.0000,0.0000,0.0000,0.0000,0.0000,3.0000,4.0000,188.0000,241.0000
Georgia Tech (Scheller),2017,0.0000,0.0000,0.0000,0.0000,0.0000,0.0000,0.0000,0.0000,1.0000,1.0000,261.0000,261.0000
Georgia Tech (Scheller),2018,3.0000,5.0000,102.0000,132.0000,0.0000,0.0000,0.0000,0.0000,0.0000,0.0000,0.0000,0.0000
Georgia Tech (Scheller),2019,1.0000,2.0000,132.0000,264.0000,0.0000,0.0000,0.0000,0.0000,2.0000,3.0000,187.0000,215.0000
Georgia Tech (Scheller),2020,1.0000,1.0000,148.0000,148.0000,0.0000,0.0000,0.0000,0.0000,5.0000,7.0000,489.0000,666.0000
Georgia Tech (Scheller),2021,3.0000,4.0000,100.0000,121.0000,0.0000,0.0000,0.0000,0.0000,1.0000,1.0000,39.0000,39.0000
Georgia Tech (Scheller),2022,1.0000,1.0000,43.0000,43.0000,0.0000,0.0000,0.0000,0.0000,6.0000,9.0000,138.0000,202.0000
Georgia Tech (Scheller),2023,0.0000,0.0000,0.0000,0.0000,0.0000,0.0000,0.0000,0.0000,1.0000,1.0000,24.0000,24.0000
Georgia Tech (Scheller),2024,2.0000,2.0000,27.0000,27.0000,0.0000,0.0000,0.0000,0.0000,1.0000,2.0000,2.0000,4.0000
Georgia Tech (Scheller),2025,2.0000,2.0000,2.0000,2.0000,0.0000,0.0000,0.0000,0.0000,2.0000,2.0000,4.0000,4.0000
Georgia Tech (Scheller),2026,1.0000,2.0000,0.0000,0.0000,0.0000,0.0000,0.0000,0.0000,1.0000,1.0000,0.0000,0.0000
Yale,2016,0.0000,0.0000,0.0000,0.0000,2.0000,2.0000,0.0000,0.0000,0.0000,0.0000,0.0000,0.0000
Yale,2017,0.0000,0.0000,0.0000,0.0000,0.0000,0.0000,0.0000,0.0000,0.0000,0.0000,0.0000,0.0000
Yale,2018,0.0000,0.0000,0.0000,0.0000,2.0000,2.0000,0.0000,0.0000,0.0000,0.0000,0.0000,0.0000
Yale,2019,3.0000,3.0000,310.0000,310.0000,1.0000,1.0000,0.0000,0.0000,0.0000,0.0000,0.0000,0.0000
Yale,2020,0.0000,0.0000,0.0000,0.0000,1.0000,2.0000,0.0000,0.0000,2.0000,2.0000,106.0000,106.0000
Yale,2021,1.0000,1.0000,2.0000,2.0000,2.0000,2.0000,0.0000,0.0000,2.0000,2.0000,56.0000,56.0000
Yale,2022,1.0000,1.0000,0.0000,0.0000,4.0000,4.0000,0.0000,0.0000,1.0000,1.0000,5.0000,5.0000
Yale,2023,3.0000,3.0000,45.0000,45.0000,1.0000,1.0000,0.0000,0.0000,0.0000,0.0000,0.0000,0.0000
Yale,2024,0.0000,0.0000,0.0000,0.0000,0.0000,0.0000,0.0000,0.0000,1.0000,1.0000,11.0000,11.0000
Yale,2025,2.0000,2.0000,13.0000,13.0000,2.0000,2.0000,0.0000,0.0000,0.0000,0.0000,0.0000,0.0000
Yale,2026,2.0000,3.0000,0.0000,0.0000,0.0000,0.0000,0.0000,0.0000,0.0000,0.0000,0.0000,0.0000
Carnegie Mellon (Tepper),2016,1.0000,2.0000,100.0000,200.0000,3.0000,3.0000,0.0000,0.0000,4.0000,4.0000,177.0000,177.0000
Carnegie Mellon (Tepper),2017,2.0000,3.0000,124.0000,166.0000,3.0000,4.0000,0.0000,0.0000,2.0000,3.0000,81.0000,154.0000
Carnegie Mellon (Tepper),2018,1.0000,1.0000,99.0000,99.0000,3.0000,5.0000,0.0000,0.0000,0.0000,0.0000,0.0000,0.0000
Carnegie Mellon (Tepper),2019,0.0000,0.0000,0.0000,0.0000,0.0000,0.0000,0.0000,0.0000,2.0000,3.0000,201.0000,362.0000
Carnegie Mellon (Tepper),2020,2.0000,3.0000,299.0000,515.0000,1.0000,1.0000,0.0000,0.0000,2.0000,2.0000,236.0000,236.0000
Carnegie Mellon (Tepper),2021,3.0000,6.0000,245.0000,532.0000,1.0000,1.0000,0.0000,0.0000,1.0000,1.0000,30.0000,30.0000
Carnegie Mellon (Tepper),2022,2.0000,3.0000,68.0000,110.0000,0.0000,0.0000,0.0000,0.0000,4.0000,6.0000,83.0000,123.0000
Carnegie Mellon (Tepper),2023,1.0000,1.0000,13.0000,13.0000,1.0000,2.0000,0.0000,0.0000,4.0000,5.0000,99.0000,117.0000
Carnegie Mellon (Tepper),2024,1.0000,1.0000,23.0000,23.0000,1.0000,2.0000,0.0000,0.0000,2.0000,3.0000,10.0000,14.0000
Carnegie Mellon (Tepper),2025,5.0000,6.0000,7.0000,7.0000,4.0000,6.0000,0.0000,0.0000,5.0000,11.0000,6.0000,13.0000
Carnegie Mellon (Tepper),2026,1.0000,1.0000,2.0000,2.0000,1.0000,1.0000,0.0000,0.0000,0.0000,0.0000,0.0000,0.0000
Arizona State (Carey),2016,0.0000,0.0000,0.0000,0.0000,0.0000,0.0000,0.0000,0.0000,0.0000,0.0000,0.0000,0.0000
Arizona State (Carey),2017,0.0000,0.0000,0.0000,0.0000,1.0000,2.0000,0.0000,0.0000,2.0000,2.0000,62.0000,62.0000
Arizona State (Carey),2018,0.0000,0.0000,0.0000,0.0000,0.0000,0.0000,0.0000,0.0000,0.0000,0.0000,0.0000,0.0000
Arizona State (Carey),2019,0.0000,0.0000,0.0000,0.0000,1.0000,1.0000,0.0000,0.0000,1.0000,2.0000,88.0000,176.0000
Arizona State (Carey),2020,0.0000,0.0000,0.0000,0.0000,1.0000,1.0000,0.0000,0.0000,1.0000,3.0000,36.0000,108.0000
Arizona State (Carey),2021,0.0000,0.0000,0.0000,0.0000,0.0000,0.0000,0.0000,0.0000,0.0000,0.0000,0.0000,0.0000
Arizona State (Carey),2022,0.0000,0.0000,0.0000,0.0000,1.0000,1.0000,0.0000,0.0000,5.0000,11.0000,125.0000,250.0000
Arizona State (Carey),2023,1.0000,1.0000,62.0000,62.0000,1.0000,2.0000,0.0000,0.0000,2.0000,3.0000,42.0000,49.0000
Arizona State (Carey),2024,1.0000,1.0000,11.0000,11.0000,1.0000,2.0000,0.0000,0.0000,6.0000,8.0000,26.0000,38.0000
Arizona State (Carey),2025,3.0000,4.0000,13.0000,22.0000,0.0000,0.0000,0.0000,0.0000,3.0000,4.0000,12.0000,14.0000
Arizona State (Carey),2026,1.0000,1.0000,0.0000,0.0000,0.0000,0.0000,0.0000,0.0000,0.0000,0.0000,0.0000,0.0000
UC Berkeley (Haas),2016,1.0000,1.0000,111.0000,111.0000,0.0000,0.0000,0.0000,0.0000,1.0000,1.0000,322.0000,322.0000
UC Berkeley (Haas),2017,2.0000,2.0000,331.0000,331.0000,0.0000,0.0000,0.0000,0.0000,0.0000,0.0000,0.0000,0.0000
UC Berkeley (Haas),2018,1.0000,1.0000,142.0000,142.0000,0.0000,0.0000,0.0000,0.0000,3.0000,3.0000,647.0000,647.0000
UC Berkeley (Haas),2019,1.0000,1.0000,21.0000,21.0000,0.0000,0.0000,0.0000,0.0000,0.0000,0.0000,0.0000,0.0000
UC Berkeley (Haas),2020,3.0000,3.0000,151.0000,151.0000,0.0000,0.0000,0.0000,0.0000,0.0000,0.0000,0.0000,0.0000
UC Berkeley (Haas),2021,3.0000,3.0000,63.0000,63.0000,0.0000,0.0000,0.0000,0.0000,1.0000,1.0000,17.0000,17.0000
UC Berkeley (Haas),2022,1.0000,1.0000,8.0000,8.0000,0.0000,0.0000,0.0000,0.0000,3.0000,3.0000,266.0000,266.0000
UC Berkeley (Haas),2023,2.0000,2.0000,48.0000,48.0000,1.0000,1.0000,0.0000,0.0000,1.0000,1.0000,78.0000,78.0000
UC Berkeley (Haas),2024,4.0000,4.0000,61.0000,61.0000,0.0000,0.0000,0.0000,0.0000,1.0000,1.0000,14.0000,14.0000
UC Berkeley (Haas),2025,3.0000,3.0000,23.0000,23.0000,0.0000,0.0000,0.0000,0.0000,1.0000,1.0000,2.0000,2.0000
UC Berkeley (Haas),2026,1.0000,1.0000,4.0000,4.0000,0.0000,0.0000,0.0000,0.0000,1.0000,1.0000,0.0000,0.0000
Maryland (Smith),2016,1.0000,1.0000,609.0000,609.0000,1.0000,1.0000,0.0000,0.0000,1.0000,1.0000,35.0000,35.0000
Maryland (Smith),2017,1.0000,3.0000,29.0000,87.0000,0.0000,0.0000,0.0000,0.0000,0.0000,0.0000,0.0000,0.0000
Maryland (Smith),2018,1.0000,1.0000,272.0000,272.0000,2.0000,2.0000,0.0000,0.0000,1.0000,1.0000,24.0000,24.0000
Maryland (Smith),2019,0.0000,0.0000,0.0000,0.0000,1.0000,1.0000,0.0000,0.0000,0.0000,0.0000,0.0000,0.0000
Maryland (Smith),2020,2.0000,2.0000,265.0000,265.0000,3.0000,3.0000,0.0000,0.0000,0.0000,0.0000,0.0000,0.0000
Maryland (Smith),2021,0.0000,0.0000,0.0000,0.0000,0.0000,0.0000,0.0000,0.0000,1.0000,1.0000,66.0000,66.0000
Maryland (Smith),2022,0.0000,0.0000,0.0000,0.0000,1.0000,1.0000,0.0000,0.0000,2.0000,2.0000,70.0000,70.0000
Maryland (Smith),2023,2.0000,2.0000,29.0000,29.0000,0.0000,0.0000,0.0000,0.0000,1.0000,2.0000,7.0000,14.0000
Maryland (Smith),2024,1.0000,1.0000,7.0000,7.0000,2.0000,3.0000,0.0000,0.0000,3.0000,3.0000,19.0000,19.0000
Maryland (Smith),2025,2.0000,2.0000,0.0000,0.0000,5.0000,5.0000,0.0000,0.0000,2.0000,3.0000,5.0000,6.0000
Maryland (Smith),2026,1.0000,2.0000,0.0000,0.0000,0.0000,0.0000,0.0000,0.0000,0.0000,0.0000,0.0000,0.0000
Wisconsin-Madison,2016,0.0000,0.0000,0.0000,0.0000,0.0000,0.0000,0.0000,0.0000,1.0000,1.0000,57.0000,57.0000
Wisconsin-Madison,2017,2.0000,2.0000,245.0000,245.0000,0.0000,0.0000,0.0000,0.0000,1.0000,1.0000,85.0000,85.0000
Wisconsin-Madison,2018,2.0000,2.0000,297.0000,297.0000,0.0000,0.0000,0.0000,0.0000,0.0000,0.0000,0.0000,0.0000
Wisconsin-Madison,2019,1.0000,1.0000,73.0000,73.0000,1.0000,1.0000,0.0000,0.0000,0.0000,0.0000,0.0000,0.0000
Wisconsin-Madison,2020,2.0000,2.0000,85.0000,85.0000,0.0000,0.0000,0.0000,0.0000,2.0000,4.0000,12.0000,24.0000
Wisconsin-Madison,2021,3.0000,3.0000,123.0000,123.0000,1.0000,3.0000,0.0000,0.0000,4.0000,4.0000,256.0000,256.0000
Wisconsin-Madison,2022,2.0000,2.0000,49.0000,49.0000,1.0000,1.0000,0.0000,0.0000,2.0000,3.0000,94.0000,120.0000
Wisconsin-Madison,2023,2.0000,3.0000,55.0000,86.0000,0.0000,0.0000,0.0000,0.0000,0.0000,0.0000,0.0000,0.0000
Wisconsin-Madison,2024,1.0000,1.0000,11.0000,11.0000,0.0000,0.0000,0.0000,0.0000,3.0000,3.0000,21.0000,21.0000
Wisconsin-Madison,2025,2.0000,3.0000,3.0000,5.0000,0.0000,0.0000,0.0000,0.0000,2.0000,2.0000,10.0000,10.0000
Wisconsin-Madison,2026,2.0000,2.0000,1.0000,1.0000,0.0000,0.0000,0.0000,0.0000,0.0000,0.0000,0.0000,0.0000
Johns Hopkins (Carey),2016,0.0000,0.0000,0.0000,0.0000,1.0000,1.0000,0.0000,0.0000,1.0000,1.0000,106.0000,106.0000
Johns Hopkins (Carey),2017,0.0000,0.0000,0.0000,0.0000,0.0000,0.0000,0.0000,0.0000,1.0000,1.0000,73.0000,73.0000
Johns Hopkins (Carey),2018,1.0000,1.0000,45.0000,45.0000,0.0000,0.0000,0.0000,0.0000,2.0000,2.0000,144.0000,144.0000
Johns Hopkins (Carey),2019,2.0000,4.0000,86.0000,216.0000,0.0000,0.0000,0.0000,0.0000,0.0000,0.0000,0.0000,0.0000
Johns Hopkins (Carey),2020,1.0000,1.0000,30.0000,30.0000,0.0000,0.0000,0.0000,0.0000,1.0000,1.0000,138.0000,138.0000
Johns Hopkins (Carey),2021,2.0000,2.0000,47.0000,47.0000,1.0000,1.0000,0.0000,0.0000,1.0000,1.0000,49.0000,49.0000
Johns Hopkins (Carey),2022,2.0000,2.0000,25.0000,25.0000,0.0000,0.0000,0.0000,0.0000,7.0000,7.0000,168.0000,168.0000
Johns Hopkins (Carey),2023,2.0000,2.0000,22.0000,22.0000,1.0000,3.0000,0.0000,0.0000,2.0000,2.0000,19.0000,19.0000
Johns Hopkins (Carey),2024,2.0000,2.0000,17.0000,17.0000,1.0000,1.0000,0.0000,0.0000,3.0000,3.0000,15.0000,15.0000
Johns Hopkins (Carey),2025,3.0000,3.0000,0.0000,0.0000,1.0000,1.0000,0.0000,0.0000,3.0000,3.0000,0.0000,0.0000
Johns Hopkins (Carey),2026,0.0000,0.0000,0.0000,0.0000,0.0000,0.0000,0.0000,0.0000,1.0000,1.0000,0.0000,0.0000
UW (Foster),2016,0.0000,0.0000,0.0000,0.0000,1.0000,2.0000,0.0000,0.0000,0.0000,0.0000,0.0000,0.0000
UW (Foster),2017,3.0000,6.0000,271.0000,568.0000,0.0000,0.0000,0.0000,0.0000,0.0000,0.0000,0.0000,0.0000
UW (Foster),2018,2.0000,2.0000,177.0000,177.0000,2.0000,3.0000,0.0000,0.0000,0.0000,0.0000,0.0000,0.0000
UW (Foster),2019,1.0000,2.0000,248.0000,496.0000,0.0000,0.0000,0.0000,0.0000,1.0000,2.0000,46.0000,92.0000
UW (Foster),2020,2.0000,2.0000,217.0000,217.0000,0.0000,0.0000,0.0000,0.0000,0.0000,0.0000,0.0000,0.0000
UW (Foster),2021,2.0000,3.0000,72.0000,100.0000,0.0000,0.0000,0.0000,0.0000,2.0000,2.0000,59.0000,59.0000
UW (Foster),2022,3.0000,4.0000,84.0000,85.0000,0.0000,0.0000,0.0000,0.0000,5.0000,8.0000,122.0000,158.0000
UW (Foster),2023,1.0000,2.0000,56.0000,112.0000,2.0000,3.0000,0.0000,0.0000,2.0000,3.0000,46.0000,81.0000
UW (Foster),2024,2.0000,3.0000,30.0000,53.0000,0.0000,0.0000,0.0000,0.0000,1.0000,1.0000,4.0000,4.0000
UW (Foster),2025,3.0000,4.0000,14.0000,14.0000,1.0000,1.0000,0.0000,0.0000,1.0000,1.0000,0.0000,0.0000
UW (Foster),2026,0.0000,0.0000,0.0000,0.0000,0.0000,0.0000,0.0000,0.0000,0.0000,0.0000,0.0000,0.0000
Colorado (Leeds),2016,1.0000,1.0000,48.0000,48.0000,1.0000,1.0000,0.0000,0.0000,0.0000,0.0000,0.0000,0.0000
Colorado (Leeds),2017,0.0000,0.0000,0.0000,0.0000,1.0000,1.0000,0.0000,0.0000,0.0000,0.0000,0.0000,0.0000
Colorado (Leeds),2018,0.0000,0.0000,0.0000,0.0000,0.0000,0.0000,0.0000,0.0000,1.0000,1.0000,127.0000,127.0000
Colorado (Leeds),2019,0.0000,0.0000,0.0000,0.0000,0.0000,0.0000,0.0000,0.0000,0.0000,0.0000,0.0000,0.0000
Colorado (Leeds),2020,0.0000,0.0000,0.0000,0.0000,0.0000,0.0000,0.0000,0.0000,0.0000,0.0000,0.0000,0.0000
Colorado (Leeds),2021,1.0000,2.0000,291.0000,582.0000,1.0000,1.0000,0.0000,0.0000,0.0000,0.0000,0.0000,0.0000
Colorado (Leeds),2022,3.0000,3.0000,67.0000,67.0000,1.0000,2.0000,0.0000,0.0000,3.0000,3.0000,71.0000,71.0000
Colorado (Leeds),2023,1.0000,1.0000,17.0000,17.0000,1.0000,1.0000,0.0000,0.0000,1.0000,1.0000,7.0000,7.0000
Colorado (Leeds),2024,1.0000,1.0000,33.0000,33.0000,1.0000,2.0000,0.0000,0.0000,3.0000,4.0000,66.0000,87.0000
Colorado (Leeds),2025,0.0000,0.0000,0.0000,0.0000,5.0000,5.0000,0.0000,0.0000,1.0000,1.0000,3.0000,3.0000
Colorado (Leeds),2026,0.0000,0.0000,0.0000,0.0000,0.0000,0.0000,0.0000,0.0000,0.0000,0.0000,0.0000,0.0000
Emory (Goizueta),2016,1.0000,1.0000,153.0000,153.0000,0.0000,0.0000,0.0000,0.0000,0.0000,0.0000,0.0000,0.0000
Emory (Goizueta),2017,0.0000,0.0000,0.0000,0.0000,1.0000,1.0000,0.0000,0.0000,0.0000,0.0000,0.0000,0.0000
Emory (Goizueta),2018,2.0000,2.0000,130.0000,130.0000,0.0000,0.0000,0.0000,0.0000,0.0000,0.0000,0.0000,0.0000
Emory (Goizueta),2019,3.0000,3.0000,235.0000,235.0000,0.0000,0.0000,0.0000,0.0000,0.0000,0.0000,0.0000,0.0000
Emory (Goizueta),2020,4.0000,4.0000,581.0000,581.0000,0.0000,0.0000,0.0000,0.0000,2.0000,2.0000,133.0000,133.0000
Emory (Goizueta),2021,1.0000,1.0000,110.0000,110.0000,0.0000,0.0000,0.0000,0.0000,3.0000,4.0000,84.0000,102.0000
Emory (Goizueta),2022,0.0000,0.0000,0.0000,0.0000,0.0000,0.0000,0.0000,0.0000,2.0000,3.0000,371.0000,606.0000
Emory (Goizueta),2023,0.0000,0.0000,0.0000,0.0000,2.0000,2.0000,0.0000,0.0000,2.0000,3.0000,89.0000,98.0000
Emory (Goizueta),2024,0.0000,0.0000,0.0000,0.0000,0.0000,0.0000,0.0000,0.0000,3.0000,6.0000,68.0000,136.0000
Emory (Goizueta),2025,0.0000,0.0000,0.0000,0.0000,1.0000,1.0000,0.0000,0.0000,4.0000,6.0000,12.0000,18.0000
Emory (Goizueta),2026,0.0000,0.0000,0.0000,0.0000,0.0000,0.0000,0.0000,0.0000,1.0000,1.0000,0.0000,0.0000
UIUC (Gies),2016,0.0000,0.0000,0.0000,0.0000,0.0000,0.0000,0.0000,0.0000,0.0000,0.0000,0.0000,0.0000
UIUC (Gies),2017,1.0000,1.0000,74.0000,74.0000,0.0000,0.0000,0.0000,0.0000,0.0000,0.0000,0.0000,0.0000
UIUC (Gies),2018,0.0000,0.0000,0.0000,0.0000,0.0000,0.0000,0.0000,0.0000,0.0000,0.0000,0.0000,0.0000
UIUC (Gies),2019,0.0000,0.0000,0.0000,0.0000,0.0000,0.0000,0.0000,0.0000,0.0000,0.0000,0.0000,0.0000
UIUC (Gies),2020,0.0000,0.0000,0.0000,0.0000,1.0000,1.0000,0.0000,0.0000,0.0000,0.0000,0.0000,0.0000
UIUC (Gies),2021,2.0000,2.0000,240.0000,240.0000,0.0000,0.0000,0.0000,0.0000,1.0000,1.0000,34.0000,34.0000
UIUC (Gies),2022,0.0000,0.0000,0.0000,0.0000,2.0000,2.0000,0.0000,0.0000,2.0000,2.0000,37.0000,37.0000
UIUC (Gies),2023,2.0000,2.0000,7.0000,7.0000,1.0000,1.0000,0.0000,0.0000,1.0000,1.0000,9.0000,9.0000
UIUC (Gies),2024,0.0000,0.0000,0.0000,0.0000,1.0000,1.0000,0.0000,0.0000,1.0000,1.0000,1.0000,1.0000
UIUC (Gies),2025,3.0000,3.0000,0.0000,0.0000,0.0000,0.0000,0.0000,0.0000,3.0000,4.0000,6.0000,9.0000
UIUC (Gies),2026,0.0000,0.0000,0.0000,0.0000,0.0000,0.0000,0.0000,0.0000,0.0000,0.0000,0.0000,0.0000
McGill (Desautels),2016,1.0000,2.0000,48.0000,96.0000,0.0000,0.0000,0.0000,0.0000,0.0000,0.0000,0.0000,0.0000
McGill (Desautels),2017,1.0000,1.0000,52.0000,52.0000,1.0000,2.0000,0.0000,0.0000,0.0000,0.0000,0.0000,0.0000
McGill (Desautels),2018,2.0000,2.0000,144.0000,144.0000,0.0000,0.0000,0.0000,0.0000,2.0000,2.0000,266.0000,266.0000
McGill (Desautels),2019,2.0000,2.0000,161.0000,161.0000,1.0000,1.0000,0.0000,0.0000,0.0000,0.0000,0.0000,0.0000
McGill (Desautels),2020,2.0000,2.0000,175.0000,175.0000,1.0000,1.0000,0.0000,0.0000,1.0000,1.0000,66.0000,66.0000
McGill (Desautels),2021,3.0000,3.0000,84.0000,84.0000,2.0000,2.0000,0.0000,0.0000,1.0000,1.0000,30.0000,30.0000
McGill (Desautels),2022,3.0000,3.0000,187.0000,187.0000,2.0000,2.0000,0.0000,0.0000,3.0000,4.0000,118.0000,147.0000
McGill (Desautels),2023,2.0000,3.0000,8.0000,13.0000,3.0000,3.0000,0.0000,0.0000,6.0000,6.0000,145.0000,145.0000
McGill (Desautels),2024,1.0000,1.0000,6.0000,6.0000,0.0000,0.0000,0.0000,0.0000,3.0000,7.0000,35.0000,99.0000
McGill (Desautels),2025,2.0000,2.0000,0.0000,0.0000,2.0000,3.0000,0.0000,0.0000,2.0000,2.0000,7.0000,7.0000
McGill (Desautels),2026,0.0000,0.0000,0.0000,0.0000,0.0000,0.0000,0.0000,0.0000,4.0000,4.0000,1.0000,1.0000
Penn State (Smeal),2016,0.0000,0.0000,0.0000,0.0000,1.0000,1.0000,0.0000,0.0000,2.0000,2.0000,51.0000,51.0000
Penn State (Smeal),2017,0.0000,0.0000,0.0000,0.0000,1.0000,1.0000,0.0000,0.0000,1.0000,1.0000,74.0000,74.0000
Penn State (Smeal),2018,1.0000,1.0000,56.0000,56.0000,0.0000,0.0000,0.0000,0.0000,0.0000,0.0000,0.0000,0.0000
Penn State (Smeal),2019,1.0000,1.0000,103.0000,103.0000,0.0000,0.0000,0.0000,0.0000,4.0000,5.0000,141.0000,161.0000
Penn State (Smeal),2020,2.0000,2.0000,100.0000,100.0000,0.0000,0.0000,0.0000,0.0000,0.0000,0.0000,0.0000,0.0000
Penn State (Smeal),2021,1.0000,1.0000,24.0000,24.0000,0.0000,0.0000,0.0000,0.0000,3.0000,4.0000,68.0000,84.0000
Penn State (Smeal),2022,2.0000,3.0000,30.0000,50.0000,2.0000,2.0000,0.0000,0.0000,4.0000,4.0000,121.0000,121.0000
Penn State (Smeal),2023,0.0000,0.0000,0.0000,0.0000,1.0000,1.0000,0.0000,0.0000,2.0000,2.0000,23.0000,23.0000
Penn State (Smeal),2024,1.0000,1.0000,4.0000,4.0000,0.0000,0.0000,0.0000,0.0000,0.0000,0.0000,0.0000,0.0000
Penn State (Smeal),2025,2.0000,2.0000,11.0000,11.0000,0.0000,0.0000,0.0000,0.0000,6.0000,7.0000,12.0000,15.0000
Penn State (Smeal),2026,2.0000,2.0000,0.0000,0.0000,0.0000,0.0000,0.0000,0.0000,0.0000,0.0000,0.0000,0.0000
UC San Diego (Rady),2016,1.0000,1.0000,166.0000,166.0000,0.0000,0.0000,0.0000,0.0000,0.0000,0.0000,0.0000,0.0000
UC San Diego (Rady),2017,1.0000,1.0000,85.0000,85.0000,0.0000,0.0000,0.0000,0.0000,0.0000,0.0000,0.0000,0.0000
UC San Diego (Rady),2018,1.0000,1.0000,54.0000,54.0000,0.0000,0.0000,0.0000,0.0000,1.0000,1.0000,36.0000,36.0000
UC San Diego (Rady),2019,0.0000,0.0000,0.0000,0.0000,0.0000,0.0000,0.0000,0.0000,1.0000,2.0000,40.0000,80.0000
UC San Diego (Rady),2020,2.0000,3.0000,111.0000,155.0000,0.0000,0.0000,0.0000,0.0000,0.0000,0.0000,0.0000,0.0000
UC San Diego (Rady),2021,1.0000,2.0000,54.0000,108.0000,0.0000,0.0000,0.0000,0.0000,0.0000,0.0000,0.0000,0.0000
UC San Diego (Rady),2022,0.0000,0.0000,0.0000,0.0000,1.0000,1.0000,0.0000,0.0000,0.0000,0.0000,0.0000,0.0000
UC San Diego (Rady),2023,2.0000,2.0000,46.0000,46.0000,0.0000,0.0000,0.0000,0.0000,1.0000,1.0000,4.0000,4.0000
UC San Diego (Rady),2024,0.0000,0.0000,0.0000,0.0000,1.0000,1.0000,0.0000,0.0000,0.0000,0.0000,0.0000,0.0000
UC San Diego (Rady),2025,1.0000,2.0000,1.0000,2.0000,0.0000,0.0000,0.0000,0.0000,0.0000,0.0000,0.0000,0.0000
UC San Diego (Rady),2026,0.0000,0.0000,0.0000,0.0000,0.0000,0.0000,0.0000,0.0000,0.0000,0.0000,0.0000,0.0000
Florida (Warrington),2016,0.0000,0.0000,0.0000,0.0000,0.0000,0.0000,0.0000,0.0000,0.0000,0.0000,0.0000,0.0000
Florida (Warrington),2017,0.0000,0.0000,0.0000,0.0000,0.0000,0.0000,0.0000,0.0000,0.0000,0.0000,0.0000,0.0000
Florida (Warrington),2018,0.0000,0.0000,0.0000,0.0000,0.0000,0.0000,0.0000,0.0000,0.0000,0.0000,0.0000,0.0000
Florida (Warrington),2019,0.0000,0.0000,0.0000,0.0000,0.0000,0.0000,0.0000,0.0000,0.0000,0.0000,0.0000,0.0000
Florida (Warrington),2020,0.0000,0.0000,0.0000,0.0000,2.0000,2.0000,0.0000,0.0000,0.0000,0.0000,0.0000,0.0000
Florida (Warrington),2021,1.0000,1.0000,56.0000,56.0000,0.0000,0.0000,0.0000,0.0000,0.0000,0.0000,0.0000,0.0000
Florida (Warrington),2022,2.0000,2.0000,112.0000,112.0000,1.0000,1.0000,0.0000,0.0000,1.0000,1.0000,6.0000,6.0000
Florida (Warrington),2023,2.0000,2.0000,71.0000,71.0000,0.0000,0.0000,0.0000,0.0000,0.0000,0.0000,0.0000,0.0000
Florida (Warrington),2024,0.0000,0.0000,0.0000,0.0000,0.0000,0.0000,0.0000,0.0000,0.0000,0.0000,0.0000,0.0000
Florida (Warrington),2025,1.0000,1.0000,2.0000,2.0000,1.0000,1.0000,0.0000,0.0000,0.0000,0.0000,0.0000,0.0000
Florida (Warrington),2026,0.0000,0.0000,0.0000,0.0000,0.0000,0.0000,0.0000,0.0000,1.0000,1.0000,0.0000,0.0000
Texas A&M (Mays),2016,0.0000,0.0000,0.0000,0.0000,0.0000,0.0000,0.0000,0.0000,1.0000,1.0000,36.0000,36.0000
Texas A&M (Mays),2017,0.0000,0.0000,0.0000,0.0000,1.0000,1.0000,0.0000,0.0000,0.0000,0.0000,0.0000,0.0000
Texas A&M (Mays),2018,0.0000,0.0000,0.0000,0.0000,0.0000,0.0000,0.0000,0.0000,0.0000,0.0000,0.0000,0.0000
Texas A&M (Mays),2019,0.0000,0.0000,0.0000,0.0000,0.0000,0.0000,0.0000,0.0000,0.0000,0.0000,0.0000,0.0000
Texas A&M (Mays),2020,0.0000,0.0000,0.0000,0.0000,1.0000,2.0000,0.0000,0.0000,0.0000,0.0000,0.0000,0.0000
Texas A&M (Mays),2021,1.0000,1.0000,27.0000,27.0000,0.0000,0.0000,0.0000,0.0000,2.0000,2.0000,73.0000,73.0000
Texas A&M (Mays),2022,1.0000,1.0000,42.0000,42.0000,1.0000,1.0000,0.0000,0.0000,1.0000,2.0000,11.0000,22.0000
Texas A&M (Mays),2023,0.0000,0.0000,0.0000,0.0000,1.0000,1.0000,0.0000,0.0000,0.0000,0.0000,0.0000,0.0000
Texas A&M (Mays),2024,1.0000,1.0000,11.0000,11.0000,0.0000,0.0000,0.0000,0.0000,0.0000,0.0000,0.0000,0.0000
Texas A&M (Mays),2025,1.0000,1.0000,5.0000,5.0000,0.0000,0.0000,0.0000,0.0000,0.0000,0.0000,0.0000,0.0000
Texas A&M (Mays),2026,0.0000,0.0000,0.0000,0.0000,0.0000,0.0000,0.0000,0.0000,0.0000,0.0000,0.0000,0.0000
Iowa (Tippie),2016,0.0000,0.0000,0.0000,0.0000,0.0000,0.0000,0.0000,0.0000,0.0000,0.0000,0.0000,0.0000
Iowa (Tippie),2017,0.0000,0.0000,0.0000,0.0000,0.0000,0.0000,0.0000,0.0000,0.0000,0.0000,0.0000,0.0000
Iowa (Tippie),2018,0.0000,0.0000,0.0000,0.0000,0.0000,0.0000,0.0000,0.0000,0.0000,0.0000,0.0000,0.0000
Iowa (Tippie),2019,0.0000,0.0000,0.0000,0.0000,0.0000,0.0000,0.0000,0.0000,0.0000,0.0000,0.0000,0.0000
Iowa (Tippie),2020,1.0000,1.0000,22.0000,22.0000,0.0000,0.0000,0.0000,0.0000,0.0000,0.0000,0.0000,0.0000
Iowa (Tippie),2021,0.0000,0.0000,0.0000,0.0000,0.0000,0.0000,0.0000,0.0000,0.0000,0.0000,0.0000,0.0000
Iowa (Tippie),2022,0.0000,0.0000,0.0000,0.0000,0.0000,0.0000,0.0000,0.0000,0.0000,0.0000,0.0000,0.0000
Iowa (Tippie),2023,0.0000,0.0000,0.0000,0.0000,0.0000,0.0000,0.0000,0.0000,0.0000,0.0000,0.0000,0.0000
Iowa (Tippie),2024,0.0000,0.0000,0.0000,0.0000,0.0000,0.0000,0.0000,0.0000,2.0000,2.0000,13.0000,13.0000
Iowa (Tippie),2025,1.0000,1.0000,4.0000,4.0000,1.0000,1.0000,0.0000,0.0000,0.0000,0.0000,0.0000,0.0000
Iowa (Tippie),2026,0.0000,0.0000,0.0000,0.0000,0.0000,0.0000,0.0000,0.0000,0.0000,0.0000,0.0000,0.0000
Ohio State (Fisher),2016,1.0000,2.0000,147.0000,294.0000,0.0000,0.0000,0.0000,0.0000,1.0000,1.0000,9.0000,9.0000
Ohio State (Fisher),2017,0.0000,0.0000,0.0000,0.0000,0.0000,0.0000,0.0000,0.0000,1.0000,1.0000,2.0000,2.0000
Ohio State (Fisher),2018,0.0000,0.0000,0.0000,0.0000,0.0000,0.0000,0.0000,0.0000,0.0000,0.0000,0.0000,0.0000
Ohio State (Fisher),2019,0.0000,0.0000,0.0000,0.0000,1.0000,1.0000,0.0000,0.0000,0.0000,0.0000,0.0000,0.0000
Ohio State (Fisher),2020,2.0000,3.0000,99.0000,151.0000,0.0000,0.0000,0.0000,0.0000,0.0000,0.0000,0.0000,0.0000
Ohio State (Fisher),2021,0.0000,0.0000,0.0000,0.0000,0.0000,0.0000,0.0000,0.0000,0.0000,0.0000,0.0000,0.0000
Ohio State (Fisher),2022,0.0000,0.0000,0.0000,0.0000,0.0000,0.0000,0.0000,0.0000,3.0000,3.0000,53.0000,53.0000
Ohio State (Fisher),2023,0.0000,0.0000,0.0000,0.0000,2.0000,2.0000,0.0000,0.0000,1.0000,1.0000,14.0000,14.0000
Ohio State (Fisher),2024,0.0000,0.0000,0.0000,0.0000,0.0000,0.0000,0.0000,0.0000,1.0000,1.0000,2.0000,2.0000
Ohio State (Fisher),2025,0.0000,0.0000,0.0000,0.0000,0.0000,0.0000,0.0000,0.0000,2.0000,2.0000,1.0000,1.0000
Ohio State (Fisher),2026,0.0000,0.0000,0.0000,0.0000,0.0000,0.0000,0.0000,0.0000,0.0000,0.0000,0.0000,0.0000
Notre Dame (Mendoza),2016,0.0000,0.0000,0.0000,0.0000,0.0000,0.0000,0.0000,0.0000,0.0000,0.0000,0.0000,0.0000
Notre Dame (Mendoza),2017,0.0000,0.0000,0.0000,0.0000,0.0000,0.0000,0.0000,0.0000,0.0000,0.0000,0.0000,0.0000
Notre Dame (Mendoza),2018,0.0000,0.0000,0.0000,0.0000,0.0000,0.0000,0.0000,0.0000,0.0000,0.0000,0.0000,0.0000
Notre Dame (Mendoza),2019,0.0000,0.0000,0.0000,0.0000,0.0000,0.0000,0.0000,0.0000,0.0000,0.0000,0.0000,0.0000
Notre Dame (Mendoza),2020,0.0000,0.0000,0.0000,0.0000,0.0000,0.0000,0.0000,0.0000,0.0000,0.0000,0.0000,0.0000
Notre Dame (Mendoza),2021,0.0000,0.0000,0.0000,0.0000,0.0000,0.0000,0.0000,0.0000,1.0000,1.0000,41.0000,41.0000
Notre Dame (Mendoza),2022,0.0000,0.0000,0.0000,0.0000,0.0000,0.0000,0.0000,0.0000,2.0000,2.0000,55.0000,55.0000
Notre Dame (Mendoza),2023,0.0000,0.0000,0.0000,0.0000,0.0000,0.0000,0.0000,0.0000,3.0000,6.0000,45.0000,78.0000
Notre Dame (Mendoza),2024,0.0000,0.0000,0.0000,0.0000,0.0000,0.0000,0.0000,0.0000,1.0000,1.0000,4.0000,4.0000
Notre Dame (Mendoza),2025,1.0000,1.0000,2.0000,2.0000,0.0000,0.0000,0.0000,0.0000,0.0000,0.0000,0.0000,0.0000
Notre Dame (Mendoza),2026,1.0000,2.0000,5.0000,10.0000,0.0000,0.0000,0.0000,0.0000,0.0000,0.0000,0.0000,0.0000
UBC (Sauder),2016,1.0000,1.0000,93.0000,93.0000,0.0000,0.0000,0.0000,0.0000,1.0000,2.0000,18.0000,36.0000
UBC (Sauder),2017,1.0000,1.0000,52.0000,52.0000,2.0000,3.0000,0.0000,0.0000,0.0000,0.0000,0.0000,0.0000
UBC (Sauder),2018,2.0000,2.0000,165.0000,165.0000,1.0000,1.0000,0.0000,0.0000,1.0000,1.0000,17.0000,17.0000
UBC (Sauder),2019,0.0000,0.0000,0.0000,0.0000,3.0000,4.0000,0.0000,0.0000,2.0000,4.0000,96.0000,192.0000
UBC (Sauder),2020,0.0000,0.0000,0.0000,0.0000,0.0000,0.0000,0.0000,0.0000,2.0000,4.0000,17.0000,35.0000
UBC (Sauder),2021,5.0000,9.0000,266.0000,630.0000,6.0000,7.0000,0.0000,0.0000,0.0000,0.0000,0.0000,0.0000
UBC (Sauder),2022,3.0000,3.0000,68.0000,68.0000,7.0000,11.0000,0.0000,0.0000,1.0000,2.0000,26.0000,52.0000
UBC (Sauder),2023,3.0000,3.0000,40.0000,40.0000,1.0000,1.0000,0.0000,0.0000,0.0000,0.0000,0.0000,0.0000
UBC (Sauder),2024,0.0000,0.0000,0.0000,0.0000,0.0000,0.0000,0.0000,0.0000,1.0000,1.0000,10.0000,10.0000
UBC (Sauder),2025,4.0000,5.0000,3.0000,3.0000,2.0000,2.0000,0.0000,0.0000,3.0000,3.0000,0.0000,0.0000
UBC (Sauder),2026,1.0000,2.0000,0.0000,0.0000,2.0000,4.0000,0.0000,0.0000,1.0000,1.0000,0.0000,0.0000
Virginia (Darden),2016,0.0000,0.0000,0.0000,0.0000,0.0000,0.0000,0.0000,0.0000,0.0000,0.0000,0.0000,0.0000
Virginia (Darden),2017,1.0000,1.0000,42.0000,42.0000,2.0000,3.0000,0.0000,0.0000,0.0000,0.0000,0.0000,0.0000
Virginia (Darden),2018,0.0000,0.0000,0.0000,0.0000,0.0000,0.0000,0.0000,0.0000,1.0000,1.0000,212.0000,212.0000
Virginia (Darden),2019,4.0000,4.0000,143.0000,143.0000,0.0000,0.0000,0.0000,0.0000,2.0000,2.0000,97.0000,97.0000
Virginia (Darden),2020,1.0000,1.0000,16.0000,16.0000,1.0000,1.0000,0.0000,0.0000,0.0000,0.0000,0.0000,0.0000
Virginia (Darden),2021,1.0000,1.0000,26.0000,26.0000,0.0000,0.0000,0.0000,0.0000,1.0000,1.0000,41.0000,41.0000
Virginia (Darden),2022,3.0000,4.0000,86.0000,96.0000,2.0000,3.0000,0.0000,0.0000,1.0000,1.0000,49.0000,49.0000
Virginia (Darden),2023,1.0000,1.0000,34.0000,34.0000,0.0000,0.0000,0.0000,0.0000,1.0000,1.0000,15.0000,15.0000
Virginia (Darden),2024,1.0000,1.0000,6.0000,6.0000,1.0000,1.0000,0.0000,0.0000,0.0000,0.0000,0.0000,0.0000
Virginia (Darden),2025,0.0000,0.0000,0.0000,0.0000,2.0000,3.0000,0.0000,0.0000,1.0000,1.0000,4.0000,4.0000
Virginia (Darden),2026,1.0000,1.0000,0.0000,0.0000,0.0000,0.0000,0.0000,0.0000,0.0000,0.0000,0.0000,0.0000
Northeastern,2016,0.0000,0.0000,0.0000,0.0000,0.0000,0.0000,0.0000,0.0000,0.0000,0.0000,0.0000,0.0000
Northeastern,2017,0.0000,0.0000,0.0000,0.0000,0.0000,0.0000,0.0000,0.0000,0.0000,0.0000,0.0000,0.0000
Northeastern,2018,0.0000,0.0000,0.0000,0.0000,0.0000,0.0000,0.0000,0.0000,0.0000,0.0000,0.0000,0.0000
Northeastern,2019,0.0000,0.0000,0.0000,0.0000,0.0000,0.0000,0.0000,0.0000,0.0000,0.0000,0.0000,0.0000
Northeastern,2020,0.0000,0.0000,0.0000,0.0000,0.0000,0.0000,0.0000,0.0000,0.0000,0.0000,0.0000,0.0000
Northeastern,2021,0.0000,0.0000,0.0000,0.0000,0.0000,0.0000,0.0000,0.0000,0.0000,0.0000,0.0000,0.0000
Northeastern,2022,0.0000,0.0000,0.0000,0.0000,0.0000,0.0000,0.0000,0.0000,0.0000,0.0000,0.0000,0.0000
Northeastern,2023,0.0000,0.0000,0.0000,0.0000,0.0000,0.0000,0.0000,0.0000,1.0000,1.0000,35.0000,35.0000
Northeastern,2024,0.0000,0.0000,0.0000,0.0000,0.0000,0.0000,0.0000,0.0000,0.0000,0.0000,0.0000,0.0000
Northeastern,2025,0.0000,0.0000,0.0000,0.0000,0.0000,0.0000,0.0000,0.0000,0.0000,0.0000,0.0000,0.0000
Northeastern,2026,0.0000,0.0000,0.0000,0.0000,0.0000,0.0000,0.0000,0.0000,0.0000,0.0000,0.0000,0.0000
Boston College (Carroll),2016,0.0000,0.0000,0.0000,0.0000,0.0000,0.0000,0.0000,0.0000,0.0000,0.0000,0.0000,0.0000
Boston College (Carroll),2017,2.0000,2.0000,434.0000,434.0000,0.0000,0.0000,0.0000,0.0000,1.0000,1.0000,31.0000,31.0000
Boston College (Carroll),2018,1.0000,1.0000,52.0000,52.0000,0.0000,0.0000,0.0000,0.0000,0.0000,0.0000,0.0000,0.0000
Boston College (Carroll),2019,3.0000,3.0000,135.0000,135.0000,1.0000,1.0000,0.0000,0.0000,0.0000,0.0000,0.0000,0.0000
Boston College (Carroll),2020,3.0000,3.0000,765.0000,765.0000,0.0000,0.0000,0.0000,0.0000,1.0000,1.0000,95.0000,95.0000
Boston College (Carroll),2021,1.0000,1.0000,14.0000,14.0000,1.0000,1.0000,0.0000,0.0000,2.0000,2.0000,79.0000,79.0000
Boston College (Carroll),2022,1.0000,1.0000,34.0000,34.0000,1.0000,1.0000,0.0000,0.0000,1.0000,1.0000,14.0000,14.0000
Boston College (Carroll),2023,1.0000,1.0000,28.0000,28.0000,0.0000,0.0000,0.0000,0.0000,0.0000,0.0000,0.0000,0.0000
Boston College (Carroll),2024,0.0000,0.0000,0.0000,0.0000,4.0000,4.0000,0.0000,0.0000,2.0000,2.0000,6.0000,6.0000
Boston College (Carroll),2025,1.0000,1.0000,3.0000,3.0000,0.0000,0.0000,0.0000,0.0000,1.0000,1.0000,0.0000,0.0000
Boston College (Carroll),2026,0.0000,0.0000,0.0000,0.0000,0.0000,0.0000,0.0000,0.0000,0.0000,0.0000,0.0000,0.0000
Virginia Tech (Pamplin),2016,0.0000,0.0000,0.0000,0.0000,0.0000,0.0000,0.0000,0.0000,0.0000,0.0000,0.0000,0.0000
Virginia Tech (Pamplin),2017,0.0000,0.0000,0.0000,0.0000,0.0000,0.0000,0.0000,0.0000,0.0000,0.0000,0.0000,0.0000
Virginia Tech (Pamplin),2018,0.0000,0.0000,0.0000,0.0000,0.0000,0.0000,0.0000,0.0000,0.0000,0.0000,0.0000,0.0000
Virginia Tech (Pamplin),2019,0.0000,0.0000,0.0000,0.0000,0.0000,0.0000,0.0000,0.0000,0.0000,0.0000,0.0000,0.0000
Virginia Tech (Pamplin),2020,0.0000,0.0000,0.0000,0.0000,0.0000,0.0000,0.0000,0.0000,0.0000,0.0000,0.0000,0.0000
Virginia Tech (Pamplin),2021,0.0000,0.0000,0.0000,0.0000,0.0000,0.0000,0.0000,0.0000,0.0000,0.0000,0.0000,0.0000
Virginia Tech (Pamplin),2022,1.0000,1.0000,41.0000,41.0000,0.0000,0.0000,0.0000,0.0000,0.0000,0.0000,0.0000,0.0000
Virginia Tech (Pamplin),2023,0.0000,0.0000,0.0000,0.0000,1.0000,1.0000,0.0000,0.0000,1.0000,1.0000,14.0000,14.0000
Virginia Tech (Pamplin),2024,0.0000,0.0000,0.0000,0.0000,0.0000,0.0000,0.0000,0.0000,0.0000,0.0000,0.0000,0.0000
Virginia Tech (Pamplin),2025,0.0000,0.0000,0.0000,0.0000,0.0000,0.0000,0.0000,0.0000,0.0000,0.0000,0.0000,0.0000
Virginia Tech (Pamplin),2026,0.0000,0.0000,0.0000,0.0000,0.0000,0.0000,0.0000,0.0000,1.0000,1.0000,1.0000,1.0000
SMU (Cox),2016,0.0000,0.0000,0.0000,0.0000,1.0000,1.0000,0.0000,0.0000,0.0000,0.0000,0.0000,0.0000
SMU (Cox),2017,0.0000,0.0000,0.0000,0.0000,1.0000,1.0000,0.0000,0.0000,0.0000,0.0000,0.0000,0.0000
SMU (Cox),2018,1.0000,3.0000,10.0000,30.0000,0.0000,0.0000,0.0000,0.0000,0.0000,0.0000,0.0000,0.0000
SMU (Cox),2019,2.0000,4.0000,146.0000,222.0000,0.0000,0.0000,0.0000,0.0000,1.0000,1.0000,25.0000,25.0000
SMU (Cox),2020,1.0000,1.0000,108.0000,108.0000,0.0000,0.0000,0.0000,0.0000,1.0000,1.0000,30.0000,30.0000
SMU (Cox),2021,2.0000,2.0000,206.0000,206.0000,0.0000,0.0000,0.0000,0.0000,1.0000,1.0000,39.0000,39.0000
SMU (Cox),2022,0.0000,0.0000,0.0000,0.0000,0.0000,0.0000,0.0000,0.0000,1.0000,1.0000,7.0000,7.0000
SMU (Cox),2023,0.0000,0.0000,0.0000,0.0000,0.0000,0.0000,0.0000,0.0000,0.0000,0.0000,0.0000,0.0000
SMU (Cox),2024,1.0000,1.0000,32.0000,32.0000,0.0000,0.0000,0.0000,0.0000,0.0000,0.0000,0.0000,0.0000
SMU (Cox),2025,0.0000,0.0000,0.0000,0.0000,1.0000,1.0000,0.0000,0.0000,3.0000,3.0000,4.0000,4.0000
SMU (Cox),2026,0.0000,0.0000,0.0000,0.0000,0.0000,0.0000,0.0000,0.0000,1.0000,1.0000,0.0000,0.0000
Dartmouth (Tuck),2016,0.0000,0.0000,0.0000,0.0000,1.0000,1.0000,0.0000,0.0000,0.0000,0.0000,0.0000,0.0000
Dartmouth (Tuck),2017,4.0000,4.0000,405.0000,405.0000,0.0000,0.0000,0.0000,0.0000,1.0000,1.0000,31.0000,31.0000
Dartmouth (Tuck),2018,1.0000,1.0000,188.0000,188.0000,0.0000,0.0000,0.0000,0.0000,1.0000,1.0000,152.0000,152.0000
Dartmouth (Tuck),2019,4.0000,4.0000,298.0000,298.0000,0.0000,0.0000,0.0000,0.0000,0.0000,0.0000,0.0000,0.0000
Dartmouth (Tuck),2020,1.0000,1.0000,70.0000,70.0000,0.0000,0.0000,0.0000,0.0000,2.0000,2.0000,605.0000,605.0000
Dartmouth (Tuck),2021,1.0000,1.0000,21.0000,21.0000,0.0000,0.0000,0.0000,0.0000,1.0000,1.0000,27.0000,27.0000
Dartmouth (Tuck),2022,3.0000,3.0000,87.0000,87.0000,0.0000,0.0000,0.0000,0.0000,5.0000,5.0000,87.0000,87.0000
Dartmouth (Tuck),2023,1.0000,2.0000,11.0000,22.0000,1.0000,1.0000,0.0000,0.0000,3.0000,3.0000,36.0000,36.0000
Dartmouth (Tuck),2024,0.0000,0.0000,0.0000,0.0000,0.0000,0.0000,0.0000,0.0000,1.0000,1.0000,8.0000,8.0000
Dartmouth (Tuck),2025,1.0000,1.0000,0.0000,0.0000,1.0000,1.0000,0.0000,0.0000,1.0000,1.0000,0.0000,0.0000
Dartmouth (Tuck),2026,1.0000,1.0000,0.0000,0.0000,0.0000,0.0000,0.0000,0.0000,1.0000,1.0000,0.0000,0.0000
Michigan State (Broad),2016,0.0000,0.0000,0.0000,0.0000,0.0000,0.0000,0.0000,0.0000,0.0000,0.0000,0.0000,0.0000
Michigan State (Broad),2017,0.0000,0.0000,0.0000,0.0000,0.0000,0.0000,0.0000,0.0000,0.0000,0.0000,0.0000,0.0000
Michigan State (Broad),2018,0.0000,0.0000,0.0000,0.0000,0.0000,0.0000,0.0000,0.0000,0.0000,0.0000,0.0000,0.0000
Michigan State (Broad),2019,0.0000,0.0000,0.0000,0.0000,0.0000,0.0000,0.0000,0.0000,0.0000,0.0000,0.0000,0.0000
Michigan State (Broad),2020,0.0000,0.0000,0.0000,0.0000,0.0000,0.0000,0.0000,0.0000,0.0000,0.0000,0.0000,0.0000
Michigan State (Broad),2021,0.0000,0.0000,0.0000,0.0000,0.0000,0.0000,0.0000,0.0000,0.0000,0.0000,0.0000,0.0000
Michigan State (Broad),2022,1.0000,1.0000,6.0000,6.0000,0.0000,0.0000,0.0000,0.0000,2.0000,2.0000,43.0000,43.0000
Michigan State (Broad),2023,0.0000,0.0000,0.0000,0.0000,0.0000,0.0000,0.0000,0.0000,0.0000,0.0000,0.0000,0.0000
Michigan State (Broad),2024,1.0000,1.0000,32.0000,32.0000,0.0000,0.0000,0.0000,0.0000,1.0000,1.0000,5.0000,5.0000
Michigan State (Broad),2025,1.0000,1.0000,9.0000,9.0000,0.0000,0.0000,0.0000,0.0000,0.0000,0.0000,0.0000,0.0000
Michigan State (Broad),2026,0.0000,0.0000,0.0000,0.0000,0.0000,0.0000,0.0000,0.0000,0.0000,0.0000,0.0000,0.0000
